subject_id	subject_snippet	property	object_id	object_label	object_snippet	snippet			
https://data.mimotext.uni-trier.de/entity/Q981	Voltaire	http://zora.uni-trier.de:11000/entity/P22	http://data.mimotext.uni-trier.de/entity/Q2972	Lumières	aufklärerischer Wissenschaft und Philosophie	Europaweit strahlen die Theorien Isaac Newtons aus, die unter den prominenten >philosophes< vor allem Voltaire nachhaltig beschäftigen und die experimentelle Methode als Paradigma aufklärerischer Wissenschaft und Philosophie begründen.			
https://data.mimotext.uni-trier.de/entity/Q842	Rousseau	http://zora.uni-trier.de:11000/entity/P22	http://data.mimotext.uni-trier.de/entity/Q2875	droit naturel	Naturrecht	Das niederländische und das deutsche Naturrecht des 17. Jh.s geben der französischen Aufklärung bis hin zu Rousseau wesentliche Impulse.			
https://data.mimotext.uni-trier.de/entity/Q708	Montesquieus	http://zora.uni-trier.de:11000/entity/P22	http://data.mimotext.uni-trier.de/entity/Q3048	politique	politiktheoretischen Hauptwerk	An die Frühaufklärung, die eine bemerkenswerte Romanproduktion in Gang setzt und wichtige ästhetisch-poetologische Neuansätze und subversive politische Entwürfe wie das Testament des Abbe Meslier (1729; Teiledition durch Voltaire 1762) hervorbringt, schließt sich ab den 1740er Jahren die Hochaufklärung an mit ihrer Radikalisierung der >Lumieres< im französischen Materialismus (La Mettrie), der die Phänomene der Welt auf die Gesetzmäßigkeiten der Materie zurückführt, mit der philosophischen Ausprägung eines genuin französischen Sensualismus (Condillac), der Erfahrungen auf individuelle Sinneseindrücke zurückführt, mit der Naturgeschichte Buffons, dem politiktheoretischen Hauptwerk Montesquieus und dem literarischen und philosophischen Frühwerk Diderots.			
https://data.mimotext.uni-trier.de/entity/Q306	Diderots	http://zora.uni-trier.de:11000/entity/P22	http://data.mimotext.uni-trier.de/entity/Q3039	philosophie	philosophischen Frühwerk	An die Frühaufklärung, die eine bemerkenswerte Romanproduktion in Gang setzt und wichtige ästhetisch-poetologische Neuansätze und subversive politische Entwürfe wie das Testament des Abbe Meslier (1729; Teiledition durch Voltaire 1762) hervorbringt, schließt sich ab den 1740er Jahren die Hochaufklärung an mit ihrer Radikalisierung der >Lumieres< im französischen Materialismus (La Mettrie), der die Phänomene der Welt auf die Gesetzmäßigkeiten der Materie zurückführt, mit der philosophischen Ausprägung eines genuin französischen Sensualismus (Condillac), der Erfahrungen auf individuelle Sinneseindrücke zurückführt, mit der Naturgeschichte Buffons, dem politiktheoretischen Hauptwerk Montesquieus und dem literarischen und philosophischen Frühwerk Diderots.			
https://data.mimotext.uni-trier.de/entity/Q306	Diderots	http://zora.uni-trier.de:11000/entity/P22	http://data.mimotext.uni-trier.de/entity/Q2779	anthropocentrisme	anthropozentrischen Standpunkt	B. die Encyclopädie, explizit in Diderots Artikel »encyclope-die«, entschieden auf einen anthropozentrischen Standpunkt und wenige Jahre zuvor, 1749, erscheint Buffons Histoire naturelle de l’homme, In dieser Phase der Hochaufklärung pflegen die Länder Europas einen noch intensiveren Austausch als zuvor; man denke etwa an die Präsenz Shaftesburys, Laurence Sternes und David Humes in Frankreich, an die französische Rezeption der Leibniz-Wolff-schen Schulphilosophie, an ein europäisches Phänomen wie das bürgerliche Trauerspiel, an den Erfolg des französischen Sensualismus in Italien, an die Etablierung einer autonomen Wissenschaft der Ästhetik oder an die europaweite Präsenz des Naturrechts.			
https://data.mimotext.uni-trier.de/entity/Q708	Montesquieus	http://zora.uni-trier.de:11000/entity/P22	http://data.mimotext.uni-trier.de/entity/Q3048	politique	politischen Philosophie	Auch die europaweit einflussreichsten Hauptwerke der französischen politischen Philosophie des 18. Jh.s, Montesquieus De l'esprit des lois (1748) und Rousseaus Du contrat social (1762), sind dieser Zeit zuzurechnen.			
https://data.mimotext.uni-trier.de/entity/Q842	Rousseaus	http://zora.uni-trier.de:11000/entity/P22	http://data.mimotext.uni-trier.de/entity/Q3048	politique	politischen Philosophie	Auch die europaweit einflussreichsten Hauptwerke der französischen politischen Philosophie des 18. Jh.s, Montesquieus De l'esprit des lois (1748) und Rousseaus Du contrat social (1762), sind dieser Zeit zuzurechnen.			
https://data.mimotext.uni-trier.de/entity/Q855	Marquis de Sade	http://zora.uni-trier.de:11000/entity/P22	http://data.mimotext.uni-trier.de/entity/Q2972	Lumières	aufklärerischer Ästhetik	Schließlich erfolgt eine Umkehrung aufklärerischer Ästhetik und Ethik im Werk des Marquis de Sade.			
https://data.mimotext.uni-trier.de/entity/Q855	Marquis de Sade	http://zora.uni-trier.de:11000/entity/P22	http://data.mimotext.uni-trier.de/entity/Q2998	morale	Ethik	Schließlich erfolgt eine Umkehrung aufklärerischer Ästhetik und Ethik im Werk des Marquis de Sade.			
https://data.mimotext.uni-trier.de/entity/Q842	Rousseaus	http://zora.uni-trier.de:11000/entity/P22	http://data.mimotext.uni-trier.de/entity/Q2822	civilisation	Zivilisations- und Aufklärungsskepsis	Diesbezüglich spielt Rousseaus Zivilisations- und Aufklärungsskepsis eine zentrale Rolle.			
https://data.mimotext.uni-trier.de/entity/Q842	Rousseaus	http://zora.uni-trier.de:11000/entity/P22	http://data.mimotext.uni-trier.de/entity/Q2850	critique sociale	Zivilisations- und Aufklärungsskepsis	Diesbezüglich spielt Rousseaus Zivilisations- und Aufklärungsskepsis eine zentrale Rolle.			
https://data.mimotext.uni-trier.de/entity/Q842	Rousseaus	http://zora.uni-trier.de:11000/entity/P22	http://data.mimotext.uni-trier.de/entity/Q2972	Lumières	Aufklärungsskepsis	Diesbezüglich spielt Rousseaus Zivilisations- und Aufklärungsskepsis eine zentrale Rolle.			
https://data.mimotext.uni-trier.de/entity/Q306	Diderot	http://zora.uni-trier.de:11000/entity/P22	http://data.mimotext.uni-trier.de/entity/Q3066	religion	Religionskritik	Deren radikale Form, der Pyrrhonismus, bildet eine der Hauptlinien aufklärerischer Philosophie zwischen Bayle und Hume und spielt für das Entstehen moderner Wissenschaft (z.B. als Historischer Pyrrhonismus für die Geschichtswissenschaft bei Nicolas Freret), in der Religionskritik und auch in literarischen Bearbeitungen erkenntnistheoretischer und ethischer Fragen (deutlich z.B. bei Diderot) eine erhebliche Rolle.			
https://data.mimotext.uni-trier.de/entity/Q306	Diderot	http://zora.uni-trier.de:11000/entity/P22	http://data.mimotext.uni-trier.de/entity/Q2850	critique sociale	Religionskritik	Deren radikale Form, der Pyrrhonismus, bildet eine der Hauptlinien aufklärerischer Philosophie zwischen Bayle und Hume und spielt für das Entstehen moderner Wissenschaft (z.B. als Historischer Pyrrhonismus für die Geschichtswissenschaft bei Nicolas Freret), in der Religionskritik und auch in literarischen Bearbeitungen erkenntnistheoretischer und ethischer Fragen (deutlich z.B. bei Diderot) eine erhebliche Rolle.			
https://data.mimotext.uni-trier.de/entity/Q306	Diderots	http://zora.uni-trier.de:11000/entity/P22	http://data.mimotext.uni-trier.de/entity/Q2998	morale	Moral	Zur Debatte steht auch die Alternative zwischen einer einheitlichen, immer und überall geltenden Vernunftmoral und einem ethischen Pluralismus, demzufolge Moral von zeitlich und lokal begrenzter Gültigkeit ist (so die Position La Mettries und Diderots) und der zum radikalen ethischen Relativismus und Immoralismus im Werk des Marquis de Sade führt.			
https://data.mimotext.uni-trier.de/entity/Q855	Marquis de Sade	http://zora.uni-trier.de:11000/entity/P22	http://data.mimotext.uni-trier.de/entity/Q2998	morale	Moral	Zur Debatte steht auch die Alternative zwischen einer einheitlichen, immer und überall geltenden Vernunftmoral und einem ethischen Pluralismus, demzufolge Moral von zeitlich und lokal begrenzter Gültigkeit ist (so die Position La Mettries und Diderots) und der zum radikalen ethischen Relativismus und Immoralismus im Werk des Marquis de Sade führt.			
https://data.mimotext.uni-trier.de/entity/Q842	Rousseau	http://zora.uni-trier.de:11000/entity/P22	http://data.mimotext.uni-trier.de/entity/Q2965	langue	Sprachentstehung	Von zentraler Bedeutung für die Aufklärung ist die Anthropologie, die einen starken Akzent auf die vergleichende Ethnologie setzt (der zivilisierte Mensch im Gegensatz zum >barbare< oder zum >bon sauvage<) und mit neuem Interesse das Rätsel der Sprachentstehung zu lösen versucht (wie in den Sprachentstehungstheorien bei Condillac oder Rousseau).			
https://data.mimotext.uni-trier.de/entity/Q842	Rousseau	http://zora.uni-trier.de:11000/entity/P22	http://data.mimotext.uni-trier.de/entity/Q2850	critique sociale	Zivilisationsskeptiker	Doch so optimistisch die Fortschrittstheorie der Hochaufklärung bis hin zu Condorcet auch sein mag, so unüberhörbar warnen Zivilisationsskeptiker wie Rousseau vor der Kehrseite der Perfektionierung des Menschen und vor den Risiken der Überzivilisiertheit.			
https://data.mimotext.uni-trier.de/entity/Q842	Rousseau	http://zora.uni-trier.de:11000/entity/P22	http://data.mimotext.uni-trier.de/entity/Q2822	civilisation	Zivilisationsskeptiker	Doch so optimistisch die Fortschrittstheorie der Hochaufklärung bis hin zu Condorcet auch sein mag, so unüberhörbar warnen Zivilisationsskeptiker wie Rousseau vor der Kehrseite der Perfektionierung des Menschen und vor den Risiken der Überzivilisiertheit.			
https://data.mimotext.uni-trier.de/entity/Q718	Morelly	http://zora.uni-trier.de:11000/entity/P22	http://data.mimotext.uni-trier.de/entity/Q3115	utopie	Utopismus	In scharfem Gegensatz zum Zukunftsoptimismus, der im (teilweise militanten und präkommunistischen) aufklärerischen Utopismus (Morelly, Naufrage des iles fllottantes, 1753; Code de la nature, 1755; Dom Deschamps) sogar die künftige menschliche Unsterblichkeit in Erwägung zieht (Deschamps, Condorcet), stellt sich schließlich neben Skepsis gegenüber der Zivilisation auch Erwartung von Dekadenz ein.			
http://zora.uni-trier.de:11000/entity/Q994	Naufrage des iles fllottantes	http://zora.uni-trier.de:11000/entity/P25	http://data.mimotext.uni-trier.de/entity/Q3115	utopie	Utopismus	In scharfem Gegensatz zum Zukunftsoptimismus, der im (teilweise militanten und präkommunistischen) aufklärerischen Utopismus (Morelly, Naufrage des iles fllottantes, 1753; Code de la nature, 1755; Dom Deschamps) sogar die künftige menschliche Unsterblichkeit in Erwägung zieht (Deschamps, Condorcet), stellt sich schließlich neben Skepsis gegenüber der Zivilisation auch Erwartung von Dekadenz ein.			
https://data.mimotext.uni-trier.de/entity/Q306	Diderot	http://zora.uni-trier.de:11000/entity/P22	http://data.mimotext.uni-trier.de/entity/Q2900	esthétique	ästhetischen Grundsatzfrage	In Frankreich bezieht vor allem Diderot nach Dubos in dieser ästhetischen Grundsatzfrage Stellung.			
https://data.mimotext.uni-trier.de/entity/Q981	Voltaire	http://zora.uni-trier.de:11000/entity/P22	http://data.mimotext.uni-trier.de/entity/Q2925	goût	Geschmacksbegriffs	An die Seite traditioneller Darstellungsästhetik treten geschmacks- und wirkungsästhetische Ansätze unterschiedlicher Herkunft: Italienische Autoren wie Muratori, englische wie Hume, französische wie Madame Dacier, Voltaire, Batteux, Montesquieu und Marmontel beschäftigen sich mit der Analyse des Geschmacksbegriffs.			
https://data.mimotext.uni-trier.de/entity/Q708	Montesquieu	http://zora.uni-trier.de:11000/entity/P22	http://data.mimotext.uni-trier.de/entity/Q2925	goût	Geschmacksbegriffs	An die Seite traditioneller Darstellungsästhetik treten geschmacks- und wirkungsästhetische Ansätze unterschiedlicher Herkunft: Italienische Autoren wie Muratori, englische wie Hume, französische wie Madame Dacier, Voltaire, Batteux, Montesquieu und Marmontel beschäftigen sich mit der Analyse des Geschmacksbegriffs.			
https://data.mimotext.uni-trier.de/entity/Q661	Marmontel	http://zora.uni-trier.de:11000/entity/P22	http://data.mimotext.uni-trier.de/entity/Q2925	goût	Geschmacksbegriffs	An die Seite traditioneller Darstellungsästhetik treten geschmacks- und wirkungsästhetische Ansätze unterschiedlicher Herkunft: Italienische Autoren wie Muratori, englische wie Hume, französische wie Madame Dacier, Voltaire, Batteux, Montesquieu und Marmontel beschäftigen sich mit der Analyse des Geschmacksbegriffs.			
https://data.mimotext.uni-trier.de/entity/Q855	Sade	http://zora.uni-trier.de:11000/entity/P22	http://data.mimotext.uni-trier.de/entity/Q3087	sentimentalisme	Empfindsamkeit	>Sentiment< und >sensibilite< dominieren die Epoche der literarischen Empfindsamkeit, der freilich eine gewissermaßen gefühllose Aufklärung entspricht, die ästhetisch Wirkungen bis hin zu Sade zeitigen wird.			
https://data.mimotext.uni-trier.de/entity/Q306	Diderot	http://zora.uni-trier.de:11000/entity/P22	http://data.mimotext.uni-trier.de/entity/Q2787	art	Künste	Künstler, Schriftsteller und sensualistisch geprägte Aufklärer wie Condillac und Diderot erörtern nach Dubos die Auswirkungen der Künste auf die >sensibilite< der Rezipienten und fragen, was aus welchem Grund ästhetisches Wohlgefallen und Lust auslöst, wie Schmerz im ästhetischen Erleben sublimiert wird, welche Rangfolge Empfindungen und Emotionen im ästhetischen Erleben haben, wo Schmerz in Lust übergeht und wie sich starke Empfindungen ästhetisch adäquat umsetzen lassen.			
https://data.mimotext.uni-trier.de/entity/Q306	Diderot	http://zora.uni-trier.de:11000/entity/P22	http://data.mimotext.uni-trier.de/entity/Q2900	esthétique	ästhetisches Wohlgefallen	Künstler, Schriftsteller und sensualistisch geprägte Aufklärer wie Condillac und Diderot erörtern nach Dubos die Auswirkungen der Künste auf die >sensibilite< der Rezipienten und fragen, was aus welchem Grund ästhetisches Wohlgefallen und Lust auslöst, wie Schmerz im ästhetischen Erleben sublimiert wird, welche Rangfolge Empfindungen und Emotionen im ästhetischen Erleben haben, wo Schmerz in Lust übergeht und wie sich starke Empfindungen ästhetisch adäquat umsetzen lassen.			
https://data.mimotext.uni-trier.de/entity/Q306	Diderot	http://zora.uni-trier.de:11000/entity/P22	http://data.mimotext.uni-trier.de/entity/Q3087	sentimentalisme	Emotionen	Künstler, Schriftsteller und sensualistisch geprägte Aufklärer wie Condillac und Diderot erörtern nach Dubos die Auswirkungen der Künste auf die >sensibilite< der Rezipienten und fragen, was aus welchem Grund ästhetisches Wohlgefallen und Lust auslöst, wie Schmerz im ästhetischen Erleben sublimiert wird, welche Rangfolge Empfindungen und Emotionen im ästhetischen Erleben haben, wo Schmerz in Lust übergeht und wie sich starke Empfindungen ästhetisch adäquat umsetzen lassen.			
https://data.mimotext.uni-trier.de/entity/Q855	Marquis de Sade	http://zora.uni-trier.de:11000/entity/P22	http://data.mimotext.uni-trier.de/entity/Q3087	sentimentalisme	Emotionen	Künstler, Schriftsteller und sensualistisch geprägte Aufklärer wie Condillac und Diderot erörtern nach Dubos die Auswirkungen der Künste auf die >sensibilite< der Rezipienten und fragen, was aus welchem Grund ästhetisches Wohlgefallen und Lust auslöst, wie Schmerz im ästhetischen Erleben sublimiert wird, welche Rangfolge Empfindungen und Emotionen im ästhetischen Erleben haben, wo Schmerz in Lust übergeht und wie sich starke Empfindungen ästhetisch adäquat umsetzen lassen. Extreme Konsequenzen aus solchen Fragen zieht der Roman des Marquis de Sade.			
https://data.mimotext.uni-trier.de/entity/Q855	Sades	http://zora.uni-trier.de:11000/entity/P22	http://data.mimotext.uni-trier.de/entity/Q2944	imagination	Fantasie	Wo sie dem klassizistischen Paradigma nicht mehr folgt, entmachtet die Ästhetik des >siecle des Lumieres< die Rationalität, bricht mit dem Prinzip der Normativität und überantwortet das Kunstwerk der kreativen Fantasie: Empfindsamkeit, Einfühlungsvermögen und >enthousiasme< spielen in der ästhetischen Erfahrung ineinander. Sensualistische, biologistisch-vitalistische und medizinische Imaginations- und Traumtheorien eröffnen den Künsten und speziell der Literatur den durch die zeitgenössische Naturgeschichte ausgeleuchteten Bereich des Exzentrischen, Missgestalteten und Monströsen; hier knüpfen der Schauerroman (>gothic novel<), das Erzählwerk Sades und die Kunst Goyas an.			
https://data.mimotext.uni-trier.de/entity/Q855	Sades	http://zora.uni-trier.de:11000/entity/P22	http://data.mimotext.uni-trier.de/entity/Q3068	rêve	Traumtheorien	Sensualistische, biologistisch-vitalistische und medizinische Imaginations- und Traumtheorien eröffnen den Künsten und speziell der Literatur den durch die zeitgenössische Naturgeschichte ausgeleuchteten Bereich des Exzentrischen, Missgestalteten und Monströsen; hier knüpfen der Schauerroman (>gothic novel<), das Erzählwerk Sades und die Kunst Goyas an.			
https://data.mimotext.uni-trier.de/entity/Q855	Sades	http://zora.uni-trier.de:11000/entity/P22	http://data.mimotext.uni-trier.de/entity/Q2995	monstruosité	Monströsen	Sensualistische, biologistisch-vitalistische und medizinische Imaginations- und Traumtheorien eröffnen den Künsten und speziell der Literatur den durch die zeitgenössische Naturgeschichte ausgeleuchteten Bereich des Exzentrischen, Missgestalteten und Monströsen; hier knüpfen der Schauerroman (>gothic novel<), das Erzählwerk Sades und die Kunst Goyas an.			
https://data.mimotext.uni-trier.de/entity/Q306	Diderots	http://zora.uni-trier.de:11000/entity/P22	http://data.mimotext.uni-trier.de/entity/Q2892	enthousiasme	enthousiasme	In Diderots Genieästhetik werden >enthousiasme< und >energie< zu Schlüsselkonzepten.			
https://data.mimotext.uni-trier.de/entity/Q306	Diderots	http://zora.uni-trier.de:11000/entity/P22	http://data.mimotext.uni-trier.de/entity/Q2890	énergie	energie	In Diderots Genieästhetik werden >enthousiasme< und >energie< zu Schlüsselkonzepten.			
https://data.mimotext.uni-trier.de/entity/Q306	Diderot	http://zora.uni-trier.de:11000/entity/P22	http://data.mimotext.uni-trier.de/entity/Q2944	imagination	Fiktionalität	Fiktion, die Fiktionalität thematisiert, ist ein grundlegendes Merkmal der fortgeschrittenen Poetik des Dix-Huitieme zwischen Dubos, Batteux und Diderot.			
https://data.mimotext.uni-trier.de/entity/Q306	Diderot	http://zora.uni-trier.de:11000/entity/P22	http://data.mimotext.uni-trier.de/entity/Q2944	imagination	Fiktionalität	Die für Diderot charakteristische Form von Fiktionalität setzt auf perfekte Illusionserzeugung, macht aber die fiktional konstruierte Illusion als solche erkennbar und entzieht ihr durch erzähllogische und theaterspezifische Tricks den Boden.			
https://data.mimotext.uni-trier.de/entity/Q306	Diderot	http://zora.uni-trier.de:11000/entity/P22	http://data.mimotext.uni-trier.de/entity/Q2942	illusion	Illusionserzeugung	Die für Diderot charakteristische Form von Fiktionalität setzt auf perfekte Illusionserzeugung, macht aber die fiktional konstruierte Illusion als solche erkennbar und entzieht ihr durch erzähllogische und theaterspezifische Tricks den Boden.			
https://data.mimotext.uni-trier.de/entity/Q366	Fontenelle	http://zora.uni-trier.de:11000/entity/P22	http://data.mimotext.uni-trier.de/entity/Q2867		Dialog	Der Dialog bildet das schriftliche Pendant zur ausgeprägten Konversationskultur der Epoche. Als Textsorte wird er seit dem späten 17. Jh. Gleichfalls aus dieser Zeit datiert der Aufstieg des Totengesprächs (>dialogue des morts<) zu einer von Aufklärern favorisierten Gattung (Fontenelle, Fenelon).			
https://data.mimotext.uni-trier.de/entity/Q366	Fontenelle	http://zora.uni-trier.de:11000/entity/P22	http://data.mimotext.uni-trier.de/entity/Q3082	science	Wissenschaftsvulgarisierung	in Frankreich zur Wissenschaftsvulgarisierung eingesetzt (Fontenelle).			
https://data.mimotext.uni-trier.de/entity/Q306	Diderot	http://zora.uni-trier.de:11000/entity/P22	http://data.mimotext.uni-trier.de/entity/Q2867	dialogue	Dialogform	In philosophischen Schriften kommt der Dialogform eine außerordentlich große Bedeutung zu; die Grenze zwischen Fiktion und philosophischer Theorie löst sich hier tendenziell auf (Diderot, Le reve de d’Alembert, 1769; Sade, La philosophie dans le boudoir, 1795).			
https://data.mimotext.uni-trier.de/entity/Q1086	La philosophie dans le boudoir	http://zora.uni-trier.de:11000/entity/P25	http://data.mimotext.uni-trier.de/entity/Q2867	dialogue	Dialogform	In philosophischen Schriften kommt der Dialogform eine außerordentlich große Bedeutung zu; die Grenze zwischen Fiktion und philosophischer Theorie löst sich hier tendenziell auf (Diderot, Le reve de d’Alembert, 1769; Sade, La philosophie dans le boudoir, 1795).			
https://data.mimotext.uni-trier.de/entity/Q855	Sade	http://zora.uni-trier.de:11000/entity/P22	http://data.mimotext.uni-trier.de/entity/Q2867	dialogue	Dialogform	In philosophischen Schriften kommt der Dialogform eine außerordentlich große Bedeutung zu; die Grenze zwischen Fiktion und philosophischer Theorie löst sich hier tendenziell auf (Diderot, Le reve de d’Alembert, 1769; Sade, La philosophie dans le boudoir, 1795).			
https://data.mimotext.uni-trier.de/entity/Q981	Voltaire	http://zora.uni-trier.de:11000/entity/P22	http://data.mimotext.uni-trier.de/entity/Q2867	dialogue	Dialog	Bei Voltaire etabliert sich der Dialog als autonome Kurzform, die nur noch schwach fiktionalisiert ist.			
https://data.mimotext.uni-trier.de/entity/Q981	Voltaires	http://zora.uni-trier.de:11000/entity/P22	http://data.mimotext.uni-trier.de/entity/Q3082	science	wissenschaftliche und historiographische Entwürfe	Die Gattungsbezeichnung wird zum >understatement< für oftmals durchaus ambitionierte theoretische, (natur-)wissenschaftliche und historiographische Entwürfe (z. B. Einige neuartige (kürzere) Textsorten tragen aufschlussreiche Bezeichnungen wie (dramatisches und lyrisches) >impromptu< (Stegreifgedicht, Stegreifspiel), in dem sich die Hinwendung zum Performativen abzeichnet, oder >aper^u<, das die skizzenhafte Darstellung großer Sachzusammenhänge wie auch die im moralistischen Schrifttum festgehaltene blitzartige individuelle Intuition bezeichnet.			
https://data.mimotext.uni-trier.de/entity/Q981	Voltaires	http://zora.uni-trier.de:11000/entity/P22	http://data.mimotext.uni-trier.de/entity/Q2933	histoire	historiographische Entwürfe	Die Gattungsbezeichnung wird zum >understatement< für oftmals durchaus ambitionierte theoretische, (natur-)wissenschaftliche und historiographische Entwürfe (z. B. Einige neuartige (kürzere) Textsorten tragen aufschlussreiche Bezeichnungen wie (dramatisches und lyrisches) >impromptu< (Stegreifgedicht, Stegreifspiel), in dem sich die Hinwendung zum Performativen abzeichnet, oder >aper^u<, das die skizzenhafte Darstellung großer Sachzusammenhänge wie auch die im moralistischen Schrifttum festgehaltene blitzartige individuelle Intuition bezeichnet.			
https://data.mimotext.uni-trier.de/entity/Q842	Rousseau	http://zora.uni-trier.de:11000/entity/P22	http://data.mimotext.uni-trier.de/entity/Q2835	conte	Erzählung	Voltaires) wie auch zur Kennzeichnung einer originellen Idee verwendet; lange nicht-fiktionale essayistische Passagen werden in den Kontext einer Erzählung eingebettet (Rousseau, Sade).			
https://data.mimotext.uni-trier.de/entity/Q855	Sade	http://zora.uni-trier.de:11000/entity/P22	http://data.mimotext.uni-trier.de/entity/Q2835	conte	Erzählung	Voltaires) wie auch zur Kennzeichnung einer originellen Idee verwendet; lange nicht-fiktionale essayistische Passagen werden in den Kontext einer Erzählung eingebettet (Rousseau, Sade).			
https://data.mimotext.uni-trier.de/entity/Q981	Voltaires	http://zora.uni-trier.de:11000/entity/P22	http://data.mimotext.uni-trier.de/entity/Q3015	optimisme	Optimismus	In Voltaires Candide wird Leibniz' metaphysischer Optimismus in der Figur des Pangloss karikiert, dessen Gegenspieler Martin Züge Bayles trägt.			
https://data.mimotext.uni-trier.de/entity/Q981	Voltaire	http://zora.uni-trier.de:11000/entity/P22	http://data.mimotext.uni-trier.de/entity/Q2850	critique sociale	Kritik	Bayle begründet die Kritik als aufklärerischen Diskurstypus; diesen führt vor allem Voltaire in der für ihn charakteristischen Form weiter, indem er die schwer entzifferbare Baylesche Ironie zu deutlicher ironischer Kritik ausbaut. 1696/1697 (überarbeitet 1702) veröffentlicht Bayle sein meistgelesenes Werk, seinen Dictionnaire historique et critique. 1692 legt er sein kühnes Programm dar (Projet et fragments d’un dictionnaire critique): In einem lexikographischen Werk sollen alle Irrtümer der überlieferten Enzyklopädien richtiggestellt, d.h. der gesamten Überlieferung und allen Autoritäten soll kritisch entgegengetreten werden.			
https://data.mimotext.uni-trier.de/entity/Q366	Bernard Le Bovier de Fontenelle	http://zora.uni-trier.de:11000/entity/P22	http://data.mimotext.uni-trier.de/entity/Q2850	critique sociale	Kritik	Neben seinem Engagement in der >querelle des anciens et des modernes< bereitet Bernard Le Bovier de Fontenelle der Aufklärung den Weg, zum einen, indem er sich mit literarischen Strategien an der von Descartes geübten Kritik an Vorurteilen und an Bayles Kampagne gegen den Aberglauben beteiligt, zum anderen, indem er einen ästhetisch anspruchsvollen Versuch der literarischen Wissen-schaftsvulgarisierung unternimmt und damit eine der innovativsten aufklärerischen Literatursparten mitbegründet.			
https://data.mimotext.uni-trier.de/entity/Q366	Bernard Le Bovier de Fontenelle	http://zora.uni-trier.de:11000/entity/P22	http://data.mimotext.uni-trier.de/entity/Q3051	préjugé	Vorurteilen	Neben seinem Engagement in der >querelle des anciens et des modernes< bereitet Bernard Le Bovier de Fontenelle der Aufklärung den Weg, zum einen, indem er sich mit literarischen Strategien an der von Descartes geübten Kritik an Vorurteilen und an Bayles Kampagne gegen den Aberglauben beteiligt, zum anderen, indem er einen ästhetisch anspruchsvollen Versuch der literarischen Wissen-schaftsvulgarisierung unternimmt und damit eine der innovativsten aufklärerischen Literatursparten mitbegründet.			
https://data.mimotext.uni-trier.de/entity/Q366	Bernard Le Bovier de Fontenelle	http://zora.uni-trier.de:11000/entity/P22	http://data.mimotext.uni-trier.de/entity/Q3098	superstition	Aberglauben	Neben seinem Engagement in der >querelle des anciens et des modernes< bereitet Bernard Le Bovier de Fontenelle der Aufklärung den Weg, zum einen, indem er sich mit literarischen Strategien an der von Descartes geübten Kritik an Vorurteilen und an Bayles Kampagne gegen den Aberglauben beteiligt, zum anderen, indem er einen ästhetisch anspruchsvollen Versuch der literarischen Wissen-schaftsvulgarisierung unternimmt und damit eine der innovativsten aufklärerischen Literatursparten mitbegründet.			
https://data.mimotext.uni-trier.de/entity/Q366	Bernard Le Bovier de Fontenelle	http://zora.uni-trier.de:11000/entity/P22	http://data.mimotext.uni-trier.de/entity/Q3082	science	Wissen-schaftsvulgarisierung	Neben seinem Engagement in der >querelle des anciens et des modernes< bereitet Bernard Le Bovier de Fontenelle der Aufklärung den Weg, zum einen, indem er sich mit literarischen Strategien an der von Descartes geübten Kritik an Vorurteilen und an Bayles Kampagne gegen den Aberglauben beteiligt, zum anderen, indem er einen ästhetisch anspruchsvollen Versuch der literarischen Wissen-schaftsvulgarisierung unternimmt und damit eine der innovativsten aufklärerischen Literatursparten mitbegründet.			
https://data.mimotext.uni-trier.de/entity/Q366	Bernard Le Bovier de Fontenelle	http://zora.uni-trier.de:11000/entity/P22	http://data.mimotext.uni-trier.de/entity/Q3045	poésie	bukolische Lyrik	Neben seinem Engagement in der >querelle des anciens et des modernes< bereitet Bernard Le Bovier de Fontenelle der Aufklärung den Weg, zum einen, indem er sich mit literarischen Strategien an der von Descartes geübten Kritik an Vorurteilen und an Bayles Kampagne gegen den Aberglauben beteiligt, zum anderen, indem er einen ästhetisch anspruchsvollen Versuch der literarischen Wissen-schaftsvulgarisierung unternimmt und damit eine der innovativsten aufklärerischen Literatursparten mitbegründet. Neben seinen literarischen (bukolische Lyrik, Tragödien, Komödien und Opernlibretti), poetologischen und literarhistorischen Arbeiten verfasst er als Sekretär der Academie des sciences Lobgedichte und Nachrufe auf berühmte Wissenschaftler. 1683 publiziert er seine Dialogues des morts anciens et modernes und antizipiert damit eine Erfolgsgattung des >siecle des Lumieres<.			
https://data.mimotext.uni-trier.de/entity/Q366	Bernard Le Bovier de Fontenelle	http://zora.uni-trier.de:11000/entity/P22	http://data.mimotext.uni-trier.de/entity/Q3107	tragédie	Tragödien	Neben seinem Engagement in der >querelle des anciens et des modernes< bereitet Bernard Le Bovier de Fontenelle der Aufklärung den Weg, zum einen, indem er sich mit literarischen Strategien an der von Descartes geübten Kritik an Vorurteilen und an Bayles Kampagne gegen den Aberglauben beteiligt, zum anderen, indem er einen ästhetisch anspruchsvollen Versuch der literarischen Wissen-schaftsvulgarisierung unternimmt und damit eine der innovativsten aufklärerischen Literatursparten mitbegründet. Neben seinen literarischen (bukolische Lyrik, Tragödien, Komödien und Opernlibretti), poetologischen und literarhistorischen Arbeiten verfasst er als Sekretär der Academie des sciences Lobgedichte und Nachrufe auf berühmte Wissenschaftler. 1683 publiziert er seine Dialogues des morts anciens et modernes und antizipiert damit eine Erfolgsgattung des >siecle des Lumieres<.			
https://data.mimotext.uni-trier.de/entity/Q366	Bernard Le Bovier de Fontenelle	http://zora.uni-trier.de:11000/entity/P22	http://data.mimotext.uni-trier.de/entity/Q2830	comédie	Komödien	Neben seinem Engagement in der >querelle des anciens et des modernes< bereitet Bernard Le Bovier de Fontenelle der Aufklärung den Weg, zum einen, indem er sich mit literarischen Strategien an der von Descartes geübten Kritik an Vorurteilen und an Bayles Kampagne gegen den Aberglauben beteiligt, zum anderen, indem er einen ästhetisch anspruchsvollen Versuch der literarischen Wissen-schaftsvulgarisierung unternimmt und damit eine der innovativsten aufklärerischen Literatursparten mitbegründet. Neben seinen literarischen (bukolische Lyrik, Tragödien, Komödien und Opernlibretti), poetologischen und literarhistorischen Arbeiten verfasst er als Sekretär der Academie des sciences Lobgedichte und Nachrufe auf berühmte Wissenschaftler. 1683 publiziert er seine Dialogues des morts anciens et modernes und antizipiert damit eine Erfolgsgattung des >siecle des Lumieres<.			
https://data.mimotext.uni-trier.de/entity/Q981	Voltaires	http://zora.uni-trier.de:11000/entity/P22	http://data.mimotext.uni-trier.de/entity/Q3082	science	naturwissenschaftlicher Erkenntnisse	Die Vermittlung naturwissenschaftlicher Erkenntnisse in eleganter und unterhaltsamer Form wird im 18. Jh. In Fontenelles Entretiens ist eine Frau die aufklärungsbedürftige Protagonistin; im Vorwort heißt es, eine Dame, die die Princesse de Cleves zu lesen verstehe, sei, wenn sie sich nur recht bemühe, auch in der Lage, die neue Kosmologie und Descartes' Wirbeltheorie zu verstehen.			
https://data.mimotext.uni-trier.de/entity/Q366	Fontenelles	http://zora.uni-trier.de:11000/entity/P22	http://data.mimotext.uni-trier.de/entity/Q3082	science	Wissenschaft	In den Entretiens zeigt sich Fontenelles moderne Begeisterung über die Fortschritte von Wissenschaft und Rationalität und über die Eliminierung jahrhundertealter Irrtümer und Vorurteile, gegen welche auch Bayle zu Felde zieht.			
https://data.mimotext.uni-trier.de/entity/Q366	Fontenelles	http://zora.uni-trier.de:11000/entity/P22	http://data.mimotext.uni-trier.de/entity/Q3051	préjugé	Vorurteile	In den Entretiens zeigt sich Fontenelles moderne Begeisterung über die Fortschritte von Wissenschaft und Rationalität und über die Eliminierung jahrhundertealter Irrtümer und Vorurteile, gegen welche auch Bayle zu Felde zieht.			
https://data.mimotext.uni-trier.de/entity/Q366	Fontenelle	http://zora.uni-trier.de:11000/entity/P22	http://data.mimotext.uni-trier.de/entity/Q3003	mythologie	Mythen	Fontenelle lässt in der Histoire des oracles (1686) Orakel, Weissagungen, Mythen und Fabeln Revue passieren, um alle Formen des Aberglaubens und menschlichen Selbstbetrugs zu diskreditieren.			
https://data.mimotext.uni-trier.de/entity/Q366	Fontenelle	http://zora.uni-trier.de:11000/entity/P22	http://data.mimotext.uni-trier.de/entity/Q2906	fable	Fabeln	Fontenelle lässt in der Histoire des oracles (1686) Orakel, Weissagungen, Mythen und Fabeln Revue passieren, um alle Formen des Aberglaubens und menschlichen Selbstbetrugs zu diskreditieren.			
https://data.mimotext.uni-trier.de/entity/Q366	Fontenelle	http://zora.uni-trier.de:11000/entity/P22	http://data.mimotext.uni-trier.de/entity/Q3098	superstition	Aberglaubens	Fontenelle lässt in der Histoire des oracles (1686) Orakel, Weissagungen, Mythen und Fabeln Revue passieren, um alle Formen des Aberglaubens und menschlichen Selbstbetrugs zu diskreditieren.			
https://data.mimotext.uni-trier.de/entity/Q981	Voltaire	http://zora.uni-trier.de:11000/entity/P22	http://data.mimotext.uni-trier.de/entity/Q3066	religion	Religionskritik	Selbst wenn Voltaire Fontenelle als Akademiesekretär in Micromegas (1752) karikiert, ist seine Religionskritik dennoch von dessen witzigen Anekdoten und >reductiones ad absurdum< des Aberglaubens stark beeinflusst.			
https://data.mimotext.uni-trier.de/entity/Q981	Voltaire	http://zora.uni-trier.de:11000/entity/P22	http://data.mimotext.uni-trier.de/entity/Q2850	critique sociale	Religionskritik	Selbst wenn Voltaire Fontenelle als Akademiesekretär in Micromegas (1752) karikiert, ist seine Religionskritik dennoch von dessen witzigen Anekdoten und >reductiones ad absurdum< des Aberglaubens stark beeinflusst.			
https://data.mimotext.uni-trier.de/entity/Q981	Voltaire	http://zora.uni-trier.de:11000/entity/P22	http://data.mimotext.uni-trier.de/entity/Q3098	superstition	Aberglaubens	Selbst wenn Voltaire Fontenelle als Akademiesekretär in Micromegas (1752) karikiert, ist seine Religionskritik dennoch von dessen witzigen Anekdoten und >reductiones ad absurdum< des Aberglaubens stark beeinflusst.			
https://data.mimotext.uni-trier.de/entity/Q708	Montesquieu	http://zora.uni-trier.de:11000/entity/P22	http://data.mimotext.uni-trier.de/entity/Q2861	dérision	verspottet	Mit seinem erfolgreichen Roman Lettres persanes hat Montesquieu maßgeblichen Anteil an der französischen Frühaufklärung. In dem Prototyp des aufklärerischen Briefromans, einem frühen Zeugnis intelligenter Funktionalisierung der literarischen Form im 18. Jh., wird das endende Regime Ludwigs XIV. Mit seiner staats- und rechtstheoretischen Schrift De l'esprit des lois ou du rapport que les lois doivent avoir avec la Constitution de chaque gouvernement, les maurs, le climat, la religion, le commerce etc. (1748; Defense de L'esprit des lois, 1750) liefert Montesquieu einen der einflussreichsten Beiträge zur europäischen und transatlantischen Aufklärung.			
https://data.mimotext.uni-trier.de/entity/Q708	Montesquieu	http://zora.uni-trier.de:11000/entity/P22	http://data.mimotext.uni-trier.de/entity/Q2850	critique sociale	kritisch	Mit seinem erfolgreichen Roman Lettres persanes hat Montesquieu maßgeblichen Anteil an der französischen Frühaufklärung. In dem Prototyp des aufklärerischen Briefromans, einem frühen Zeugnis intelligenter Funktionalisierung der literarischen Form im 18. Jh., wird das endende Regime Ludwigs XIV. Mit seiner staats- und rechtstheoretischen Schrift De l'esprit des lois ou du rapport que les lois doivent avoir avec la Constitution de chaque gouvernement, les maurs, le climat, la religion, le commerce etc. (1748; Defense de L'esprit des lois, 1750) liefert Montesquieu einen der einflussreichsten Beiträge zur europäischen und transatlantischen Aufklärung.			
https://data.mimotext.uni-trier.de/entity/Q708	Montesquieu	http://zora.uni-trier.de:11000/entity/P22	http://data.mimotext.uni-trier.de/entity/Q3048	politique	politische Theorie	Mit seiner staats- und rechtstheoretischen Schrift De l'esprit des lois ou du rapport que les lois doivent avoir avec la Constitution de chaque gouvernement, les maurs, le climat, la religion, le commerce etc. (1748; Defense de L'esprit des lois, 1750) liefert Montesquieu einen der einflussreichsten Beiträge zur europäischen und transatlantischen Aufklärung. In dieser Schrift entwickelt er seine politische Theorie der Gewaltenteilung und der repräsentativen Herrschaft, die über die Aufklärung hinaus mannigfaltige Wirkungen, vor allem auf den Liberalismus, zeitigt.			
https://data.mimotext.uni-trier.de/entity/Q708	Montesquieu	http://zora.uni-trier.de:11000/entity/P22	http://data.mimotext.uni-trier.de/entity/Q2901	État	Staatsformen	Diese beiden Staatsformen analysiert Montesquieu zusammen mit der Republik als dritter möglicher Staatsform in De l'esprit des lois später genau.			
https://data.mimotext.uni-trier.de/entity/Q708	Montesquieus	http://zora.uni-trier.de:11000/entity/P22	http://data.mimotext.uni-trier.de/entity/Q2850	critique sociale	Kritik	Prägend sind Montesquieus in der Schwebe gehaltene Kritik an der zeitgenössischen Gesellschaft, seine wie mit leichter Hand notierten Antworten auf die Fragen nach dem rechten Zusammenleben der Religionen und Konfessionen, nach der geeignetsten Staats- und Regierungsform und der persönlichen Freiheit.			
https://data.mimotext.uni-trier.de/entity/Q708	Montesquieus	http://zora.uni-trier.de:11000/entity/P22	http://data.mimotext.uni-trier.de/entity/Q3066	religion	Religionen	Prägend sind Montesquieus in der Schwebe gehaltene Kritik an der zeitgenössischen Gesellschaft, seine wie mit leichter Hand notierten Antworten auf die Fragen nach dem rechten Zusammenleben der Religionen und Konfessionen, nach der geeignetsten Staats- und Regierungsform und der persönlichen Freiheit.			
https://data.mimotext.uni-trier.de/entity/Q708	Montesquieus	http://zora.uni-trier.de:11000/entity/P22	http://data.mimotext.uni-trier.de/entity/Q2901	État	Staats- und Regierungsform	Prägend sind Montesquieus in der Schwebe gehaltene Kritik an der zeitgenössischen Gesellschaft, seine wie mit leichter Hand notierten Antworten auf die Fragen nach dem rechten Zusammenleben der Religionen und Konfessionen, nach der geeignetsten Staats- und Regierungsform und der persönlichen Freiheit.			
https://data.mimotext.uni-trier.de/entity/Q708	Montesquieus	http://zora.uni-trier.de:11000/entity/P22	http://data.mimotext.uni-trier.de/entity/Q2926	gouvernement	Regierungsform	Prägend sind Montesquieus in der Schwebe gehaltene Kritik an der zeitgenössischen Gesellschaft, seine wie mit leichter Hand notierten Antworten auf die Fragen nach dem rechten Zusammenleben der Religionen und Konfessionen, nach der geeignetsten Staats- und Regierungsform und der persönlichen Freiheit.			
https://data.mimotext.uni-trier.de/entity/Q708	Montesquieus	http://zora.uni-trier.de:11000/entity/P22	http://data.mimotext.uni-trier.de/entity/Q2968	liberté	Freiheit	Prägend sind Montesquieus in der Schwebe gehaltene Kritik an der zeitgenössischen Gesellschaft, seine wie mit leichter Hand notierten Antworten auf die Fragen nach dem rechten Zusammenleben der Religionen und Konfessionen, nach der geeignetsten Staats- und Regierungsform und der persönlichen Freiheit.			
https://data.mimotext.uni-trier.de/entity/Q981	Voltaire	http://zora.uni-trier.de:11000/entity/P22	http://data.mimotext.uni-trier.de/entity/Q2933	histoire	historiographische Schriften	Die in Oxford erscheinende Werkausgabe, die 2018 abgeschlossen sein soll, ist auf 200 Bände angelegt, wird über 700 Einzeltexte sowie mindestens 21000 Briefe von und an Voltaire umfassen, Tausende von Versen in allen Stillagen, Dutzende von Erzählungen aller Art, fast 30 Tragödien, rund 20 Komödien, ein nationales Heldenepos (La Henriade), ein komisch-heroisches Versepos (La pucelle), ein polemisches Wörterbuch, zahlreiche historiographische Schriften, gelehrte und naturwissenschaftliche Abhandlungen sowie philosophische Texte.			
https://data.mimotext.uni-trier.de/entity/Q981	Voltaire	http://zora.uni-trier.de:11000/entity/P22	http://data.mimotext.uni-trier.de/entity/Q3082	science	naturwissenschaftliche Abhandlungen	Die in Oxford erscheinende Werkausgabe, die 2018 abgeschlossen sein soll, ist auf 200 Bände angelegt, wird über 700 Einzeltexte sowie mindestens 21000 Briefe von und an Voltaire umfassen, Tausende von Versen in allen Stillagen, Dutzende von Erzählungen aller Art, fast 30 Tragödien, rund 20 Komödien, ein nationales Heldenepos (La Henriade), ein komisch-heroisches Versepos (La pucelle), ein polemisches Wörterbuch, zahlreiche historiographische Schriften, gelehrte und naturwissenschaftliche Abhandlungen sowie philosophische Texte.			
https://data.mimotext.uni-trier.de/entity/Q981	Voltaire	http://zora.uni-trier.de:11000/entity/P22	http://data.mimotext.uni-trier.de/entity/Q3039	philosophie	philosophische Texte	Die in Oxford erscheinende Werkausgabe, die 2018 abgeschlossen sein soll, ist auf 200 Bände angelegt, wird über 700 Einzeltexte sowie mindestens 21000 Briefe von und an Voltaire umfassen, Tausende von Versen in allen Stillagen, Dutzende von Erzählungen aller Art, fast 30 Tragödien, rund 20 Komödien, ein nationales Heldenepos (La Henriade), ein komisch-heroisches Versepos (La pucelle), ein polemisches Wörterbuch, zahlreiche historiographische Schriften, gelehrte und naturwissenschaftliche Abhandlungen sowie philosophische Texte.			
https://data.mimotext.uni-trier.de/entity/Q981	Voltaire	http://zora.uni-trier.de:11000/entity/P22	http://data.mimotext.uni-trier.de/entity/Q2973	luxe	Luxus	Von bürgerlicher Herkunft, bringt es Voltaire als geschickter Geschäftsmann und Spekulant zu einem großen Vermögen; mit Le mondain (1736) verfasst er ein Lobgedicht auf den in der späteren Aufklärung heftig umstrittenen, von Rousseau verdammten Luxus.			
https://data.mimotext.uni-trier.de/entity/Q981	Voltaire	http://zora.uni-trier.de:11000/entity/P22	http://data.mimotext.uni-trier.de/entity/Q3107	tragédie	Tragödiendichter	Der junge Voltaire versucht sich als Tragödiendichter. 1718 wird (Edipe uraufgeführt, es folgen zahlreiche Tragödien, teils mit antiken, teils mit exotischen Stoffen (Brutus, 1730; Zaire, 1732; La mort de Cesar, 1733; Fanatisme ou Maho-met le prophete, 1741, eine Tragödie, die Voltaire dem Papst widmen will; Merope, 1743; Semiramis, 1748; L’orphelin de la Chine, 1755; Tancrede, 1760; Saül, 1763; Sophonisbe, 1770).			
https://data.mimotext.uni-trier.de/entity/Q981	Voltaire	http://zora.uni-trier.de:11000/entity/P22	http://data.mimotext.uni-trier.de/entity/Q2781	antiquité	antiken	Der junge Voltaire versucht sich als Tragödiendichter. 1718 wird (Edipe uraufgeführt, es folgen zahlreiche Tragödien, teils mit antiken, teils mit exotischen Stoffen (Brutus, 1730; Zaire, 1732; La mort de Cesar, 1733; Fanatisme ou Maho-met le prophete, 1741, eine Tragödie, die Voltaire dem Papst widmen will; Merope, 1743; Semiramis, 1748; L’orphelin de la Chine, 1755; Tancrede, 1760; Saül, 1763; Sophonisbe, 1770).			
https://data.mimotext.uni-trier.de/entity/Q981	Voltaire	http://zora.uni-trier.de:11000/entity/P22	http://data.mimotext.uni-trier.de/entity/Q2904	exotisme	exotischen Stoffen	Der junge Voltaire versucht sich als Tragödiendichter. 1718 wird (Edipe uraufgeführt, es folgen zahlreiche Tragödien, teils mit antiken, teils mit exotischen Stoffen (Brutus, 1730; Zaire, 1732; La mort de Cesar, 1733; Fanatisme ou Maho-met le prophete, 1741, eine Tragödie, die Voltaire dem Papst widmen will; Merope, 1743; Semiramis, 1748; L’orphelin de la Chine, 1755; Tancrede, 1760; Saül, 1763; Sophonisbe, 1770).			
https://data.mimotext.uni-trier.de/entity/Q981	Voltaire	http://zora.uni-trier.de:11000/entity/P22	http://data.mimotext.uni-trier.de/entity/Q3107	tragédie	Tragödie	Der junge Voltaire versucht sich als Tragödiendichter. 1718 wird (Edipe uraufgeführt, es folgen zahlreiche Tragödien, teils mit antiken, teils mit exotischen Stoffen (Brutus, 1730; Zaire, 1732; La mort de Cesar, 1733; Fanatisme ou Maho-met le prophete, 1741, eine Tragödie, die Voltaire dem Papst widmen will; Merope, 1743; Semiramis, 1748; L’orphelin de la Chine, 1755; Tancrede, 1760; Saül, 1763; Sophonisbe, 1770).			
https://data.mimotext.uni-trier.de/entity/Q981	Voltaire	http://zora.uni-trier.de:11000/entity/P22	http://data.mimotext.uni-trier.de/entity/Q2888	empirisme	Empirismus	Zwischen 1726 und 1728 hält Voltaire sich in England auf, wo sich ihm die Vorzüge der konstitutionellen Monarchie, der englische Empirismus, die Theorien Newtons wie die Dramen Shakespeares offenbaren. 1734 erscheinen ohne Druckerlaubnis seine Lettres philosophiques, in denen er die französischen Leser mit den mannigfachen Vorzügen der englischen Politik und Kultur, vor allem der Praxis weitgehender religiöser Toleranz vertraut macht (1733 unter dem Titel Lettres anglaises in London erschienen).			
https://data.mimotext.uni-trier.de/entity/Q981	Voltaire	http://zora.uni-trier.de:11000/entity/P22	http://data.mimotext.uni-trier.de/entity/Q3275	Angleterre	englischen Politik und Kultur	Zwischen 1726 und 1728 hält Voltaire sich in England auf, wo sich ihm die Vorzüge der konstitutionellen Monarchie, der englische Empirismus, die Theorien Newtons wie die Dramen Shakespeares offenbaren. 1734 erscheinen ohne Druckerlaubnis seine Lettres philosophiques, in denen er die französischen Leser mit den mannigfachen Vorzügen der englischen Politik und Kultur, vor allem der Praxis weitgehender religiöser Toleranz vertraut macht (1733 unter dem Titel Lettres anglaises in London erschienen).			
https://data.mimotext.uni-trier.de/entity/Q981	Voltaire	http://zora.uni-trier.de:11000/entity/P22	http://data.mimotext.uni-trier.de/entity/Q3066	religion	religiöser Toleranz	Zwischen 1726 und 1728 hält Voltaire sich in England auf, wo sich ihm die Vorzüge der konstitutionellen Monarchie, der englische Empirismus, die Theorien Newtons wie die Dramen Shakespeares offenbaren. 1734 erscheinen ohne Druckerlaubnis seine Lettres philosophiques, in denen er die französischen Leser mit den mannigfachen Vorzügen der englischen Politik und Kultur, vor allem der Praxis weitgehender religiöser Toleranz vertraut macht (1733 unter dem Titel Lettres anglaises in London erschienen).			
https://data.mimotext.uni-trier.de/entity/Q981	Voltaire	http://zora.uni-trier.de:11000/entity/P22	http://data.mimotext.uni-trier.de/entity/Q3039	philosophie	philosophischen und naturwissenschaftlichen Interessen	Da Voltaire schon Bekanntschaft mit der Bastille gemacht und infolge dieser Publikation Repressionen zu befürchten hat, lebt er nun 15 Jahre mit der Marquise Du Chatelet auf deren Landsitz in Cirey zusammen, wo das Paar den bereits erwähnten gemeinsamen philosophischen und naturwissenschaftlichen Interessen nachgeht, denen sich Voltaires Elements de la philosophie de Newton (1738/1741) verdanken.			
https://data.mimotext.uni-trier.de/entity/Q981	Voltaire	http://zora.uni-trier.de:11000/entity/P22	http://data.mimotext.uni-trier.de/entity/Q3082	science	naturwissenschaftlichen Interessen	Da Voltaire schon Bekanntschaft mit der Bastille gemacht und infolge dieser Publikation Repressionen zu befürchten hat, lebt er nun 15 Jahre mit der Marquise Du Chatelet auf deren Landsitz in Cirey zusammen, wo das Paar den bereits erwähnten gemeinsamen philosophischen und naturwissenschaftlichen Interessen nachgeht, denen sich Voltaires Elements de la philosophie de Newton (1738/1741) verdanken.			
https://data.mimotext.uni-trier.de/entity/Q981	Voltaire	http://zora.uni-trier.de:11000/entity/P22	http://data.mimotext.uni-trier.de/entity/Q2861	dérision	verspottet	Voltaire lässt seinen Aufenthalt in Sanssouci später in seinen amüsanten Memoires pour servir a la vie de M. de Voltaire, ecrits par lui-meme (geschrieben 1758/1759) ironisch Revue passieren, in denen er auch die Homosexualität des Monarchen genüsslich verspottet.			
https://data.mimotext.uni-trier.de/entity/Q981	Voltaire	http://zora.uni-trier.de:11000/entity/P22	http://data.mimotext.uni-trier.de/entity/Q3066	religion	religiösen Fanatismus	In den berühmten Justizaffären Calas, La Barre und Sirven setzt Voltaire sein polemisches Talent, seine Militanz und sein juristisches Geschick ein, um die Öffentlichkeit gegen den herrschenden religiösen Fanatismus und die Ungerechtigkeiten des französischen Rechtssystems zu mobilisieren (Traite sur la tolerance, a l'occasion de la mort de Jean Calas, 1763).			
https://data.mimotext.uni-trier.de/entity/Q981	Voltaire	http://zora.uni-trier.de:11000/entity/P22	http://data.mimotext.uni-trier.de/entity/Q2908	fanatisme	Fanatismus	In den berühmten Justizaffären Calas, La Barre und Sirven setzt Voltaire sein polemisches Talent, seine Militanz und sein juristisches Geschick ein, um die Öffentlichkeit gegen den herrschenden religiösen Fanatismus und die Ungerechtigkeiten des französischen Rechtssystems zu mobilisieren (Traite sur la tolerance, a l'occasion de la mort de Jean Calas, 1763).			
https://data.mimotext.uni-trier.de/entity/Q981	Voltaire	http://zora.uni-trier.de:11000/entity/P22	http://data.mimotext.uni-trier.de/entity/Q2962	justice	Ungerechtigkeiten	In den berühmten Justizaffären Calas, La Barre und Sirven setzt Voltaire sein polemisches Talent, seine Militanz und sein juristisches Geschick ein, um die Öffentlichkeit gegen den herrschenden religiösen Fanatismus und die Ungerechtigkeiten des französischen Rechtssystems zu mobilisieren (Traite sur la tolerance, a l'occasion de la mort de Jean Calas, 1763).			
https://data.mimotext.uni-trier.de/entity/Q981	Voltaire	http://zora.uni-trier.de:11000/entity/P22	http://data.mimotext.uni-trier.de/entity/Q3066	religion	religiöse Toleranz	In den berühmten Justizaffären Calas, La Barre und Sirven setzt Voltaire sein polemisches Talent, seine Militanz und sein juristisches Geschick ein, um die Öffentlichkeit gegen den herrschenden religiösen Fanatismus und die Ungerechtigkeiten des französischen Rechtssystems zu mobilisieren (Traite sur la tolerance, a l'occasion de la mort de Jean Calas, 1763). Sein Feldzug für religiöse Toleranz bezieht Argumente Bayles und Lockes, aber auch pragmatische Motive ein, die er schon in den Lettres philosophiques angeführt hat und die sich ähnlich u. a. bei Montesquieu finden, wie z.			
https://data.mimotext.uni-trier.de/entity/Q708	Montesquieu	http://zora.uni-trier.de:11000/entity/P22	http://data.mimotext.uni-trier.de/entity/Q3066	religion	religiöse Toleranz	Sein Feldzug für religiöse Toleranz bezieht Argumente Bayles und Lockes, aber auch pragmatische Motive ein, die er schon in den Lettres philosophiques angeführt hat und die sich ähnlich u. a. bei Montesquieu finden, wie z.			
https://data.mimotext.uni-trier.de/entity/Q981	Voltaire	http://zora.uni-trier.de:11000/entity/P22	http://data.mimotext.uni-trier.de/entity/Q2850	critique sociale	Kirchenkritik	Der katholische Denker, mit dem Voltaire sich trotz seiner Kirchenkritik wohl am intensivsten befasst und dem er seinen polemischen Stil teilweise verdankt, ist Blaise Pascal, dessen Philosophie in Frankreich vor und nach 1800 von Montesquieu bis zu Rousseau, Condorcet und Tocqueville viele bedeutende Köpfe geprägt hat.			
https://data.mimotext.uni-trier.de/entity/Q981	Voltaire	http://zora.uni-trier.de:11000/entity/P22	http://data.mimotext.uni-trier.de/entity/Q2933	histoire	Geschichtswerk	Voltaire ist seit 1745 offizieller Historiograph Ludwigs XV. Noch während seines Aufenthalts in Potsdam bringt er 1751 sein Geschichtswerk Le siecle de Louis XIV heraus.			
https://data.mimotext.uni-trier.de/entity/Q981	Voltaire	http://zora.uni-trier.de:11000/entity/P22	http://data.mimotext.uni-trier.de/entity/Q3105	tradition	Traditionssicherung	Voltaire ist seit 1745 offizieller Historiograph Ludwigs XV. Noch während seines Aufenthalts in Potsdam bringt er 1751 sein Geschichtswerk Le siecle de Louis XIV heraus. Seit 1755 arbeitet Voltaire mit an der Encyclopedie, Wenig später entsteht sein Dictionnaire philosophique portatif ou La raison par alphabet (1764/1769) im handlichen, erschwinglichen Taschenbuchformat, das er dem totalen und exklusiven Aufklärungsanspruch der vielbändigen, teuren und aufwendigen Encyclopedie entgegen setzt: »Jamais vingt volumes in folio ne feront de revolution; ce sont les petits livres portatifs a trente sous qui sont a craindre« (Brief an d'Alembert).			
https://data.mimotext.uni-trier.de/entity/Q981	Voltaire	http://zora.uni-trier.de:11000/entity/P22	http://data.mimotext.uni-trier.de/entity/Q3107	tragédie	Tragödien	Voltaire ist seit 1745 offizieller Historiograph Ludwigs XV. Noch während seines Aufenthalts in Potsdam bringt er 1751 sein Geschichtswerk Le siecle de Louis XIV heraus. Seit 1755 arbeitet Voltaire mit an der Encyclopedie, Wenig später entsteht sein Dictionnaire philosophique portatif ou La raison par alphabet (1764/1769) im handlichen, erschwinglichen Taschenbuchformat, das er dem totalen und exklusiven Aufklärungsanspruch der vielbändigen, teuren und aufwendigen Encyclopedie entgegen setzt: »Jamais vingt volumes in folio ne feront de revolution; ce sont les petits livres portatifs a trente sous qui sont a craindre« (Brief an d'Alembert).			
https://data.mimotext.uni-trier.de/entity/Q981	Voltaires	http://zora.uni-trier.de:11000/entity/P22	http://data.mimotext.uni-trier.de/entity/Q2933	histoire	Kulturgeschichtsschreibung	Damit beansprucht er einen herausragenden Rang in der nationalen Traditionssicherung Frankreichs, wie auch mit seinen Tragödien und seiner Hen-riade (ab 1723), in der Henri IV in zehn Gesängen als Nationalheld gerühmt wird. 1756 erscheint Voltaires Essai sur les m&urs et l’esprit des nations, ein historisch und geographisch weit ausgreifendes Werk, das ihm den Ruf einträgt, einer der Begründer der vergleichenden Kulturgeschichtsschreibung zu sein; in diesem Zusammenhang prägt er auch den zukunftsträchtigen Begriff der >philosophie de l'histoire<.			
https://data.mimotext.uni-trier.de/entity/Q981	Voltaire	http://zora.uni-trier.de:11000/entity/P22	http://data.mimotext.uni-trier.de/entity/Q2972	Lumières	Aufklärungsanspruch	Seit 1755 arbeitet Voltaire mit an der Encyclopedie, Wenig später entsteht sein Dictionnaire philosophique portatif ou La raison par alphabet (1764/1769) im handlichen, erschwinglichen Taschenbuchformat, das er dem totalen und exklusiven Aufklärungsanspruch der vielbändigen, teuren und aufwendigen Encyclopedie entgegen setzt: »Jamais vingt volumes in folio ne feront de revolution; ce sont les petits livres portatifs a trente sous qui sont a craindre« (Brief an d'Alembert).			
https://data.mimotext.uni-trier.de/entity/Q808	Rabelais	http://zora.uni-trier.de:11000/entity/P22	http://data.mimotext.uni-trier.de/entity/Q3023	paradoxe	Gegensatz	Voltaire verwendet oft märchenhafte, teilweise an Tausendundeine Nacht anknüpfende Elemente und Handlungsmuster, spielt mit romanesken Gattungstraditionen und bedient sich unterschiedlicher Techniken der Relativierung (nach Rabelais und Swift spielt auch Voltaire den Gegensatz von riesenhafter Größe und mikroskopisch Kleinem aus) sowie holzschnittartiger Dialoge.			
https://data.mimotext.uni-trier.de/entity/Q981	Voltaire	http://zora.uni-trier.de:11000/entity/P22	http://data.mimotext.uni-trier.de/entity/Q3023	paradoxe	Gegensatz	Voltaire verwendet oft märchenhafte, teilweise an Tausendundeine Nacht anknüpfende Elemente und Handlungsmuster, spielt mit romanesken Gattungstraditionen und bedient sich unterschiedlicher Techniken der Relativierung (nach Rabelais und Swift spielt auch Voltaire den Gegensatz von riesenhafter Größe und mikroskopisch Kleinem aus) sowie holzschnittartiger Dialoge.			
https://data.mimotext.uni-trier.de/entity/Q981	Voltaire	http://zora.uni-trier.de:11000/entity/P22	http://data.mimotext.uni-trier.de/entity/Q3020	paix	Harmonie	In der Beurteilung der Katastrophe geraten Voltaire und Rousseau aneinander. 1756 veröffentlicht Voltaire sein Poeme sur le desastre de Lisbonne und äußert Zweifel an der von Leibniz behaupteten prästabilierten Harmonie und sieht die Katastrophe als Krise des metaphysischen Optimismus eines Leibniz, Wolff und Pope an, denn die bestehende kann nicht die beste aller möglichen Welten sein.			
https://data.mimotext.uni-trier.de/entity/Q981	Voltaire	http://zora.uni-trier.de:11000/entity/P22	http://data.mimotext.uni-trier.de/entity/Q2812	catastrophe	Katastrophe	In der Beurteilung der Katastrophe geraten Voltaire und Rousseau aneinander. 1756 veröffentlicht Voltaire sein Poeme sur le desastre de Lisbonne und äußert Zweifel an der von Leibniz behaupteten prästabilierten Harmonie und sieht die Katastrophe als Krise des metaphysischen Optimismus eines Leibniz, Wolff und Pope an, denn die bestehende kann nicht die beste aller möglichen Welten sein.			
https://data.mimotext.uni-trier.de/entity/Q842	Rousseau	http://zora.uni-trier.de:11000/entity/P22	http://data.mimotext.uni-trier.de/entity/Q2812	catastrophe	Erdbeben	Rousseau (Lettre sur la providence, 1756) hält dagegen, das Erdbeben sei eine verhängnisvolle Folge menschlicher Zivilisation und menschlicher Manipulationen an der Natur; er sei nicht bereit, den Trost des Optimismus durch Voltaires Skepsis und Sarkasmus zerstören zu lassen.			
https://data.mimotext.uni-trier.de/entity/Q842	Rousseau	http://zora.uni-trier.de:11000/entity/P22	http://data.mimotext.uni-trier.de/entity/Q2822	civilisation	Zivilisation	Rousseau (Lettre sur la providence, 1756) hält dagegen, das Erdbeben sei eine verhängnisvolle Folge menschlicher Zivilisation und menschlicher Manipulationen an der Natur; er sei nicht bereit, den Trost des Optimismus durch Voltaires Skepsis und Sarkasmus zerstören zu lassen.			
https://data.mimotext.uni-trier.de/entity/Q981	Voltaire	http://zora.uni-trier.de:11000/entity/P22	http://data.mimotext.uni-trier.de/entity/Q3061	raison	Vernunft	Die Ernsthaftigkeit des gewitzten Voltaire, seine Militanz und sein aufklärerisches Ethos wurzeln in seinem Pragmatismus und einem Universalis-mus, der das Wirken der Vernunft immer und überall für wünschenswert und realisierbar hält; einem Universalismus, der auch die Moral betrifft: »Il n'y a qu'une morale [...] comme il n'y a qu'une geometrie« (Artikel »morale« im Dic-tionnaire philosophique).			
https://data.mimotext.uni-trier.de/entity/Q981	Voltaire	http://zora.uni-trier.de:11000/entity/P22	http://data.mimotext.uni-trier.de/entity/Q2933	histoire	national- oder menschheitsgeschichtlichen Stoffen	Jh.s spielt, parallel zur Blüte der National- und vor allem Universalgeschichtsschreibung, das Traditionsgenre des Epos (in gereimter oder ungereimter Form) mit national- oder menschheitsgeschichtlichen Stoffen eine bedeutende Rolle (Voltaire, Marmontel, Madame du Boccage, Andre Chenier).			
https://data.mimotext.uni-trier.de/entity/Q661	Marmontel	http://zora.uni-trier.de:11000/entity/P22	http://data.mimotext.uni-trier.de/entity/Q2933	histoire	national- oder menschheitsgeschichtlichen Stoffen	Jh.s spielt, parallel zur Blüte der National- und vor allem Universalgeschichtsschreibung, das Traditionsgenre des Epos (in gereimter oder ungereimter Form) mit national- oder menschheitsgeschichtlichen Stoffen eine bedeutende Rolle (Voltaire, Marmontel, Madame du Boccage, Andre Chenier).			
https://data.mimotext.uni-trier.de/entity/Q850	Nicolas Edme Retif de La Bretonnes	http://zora.uni-trier.de:11000/entity/P22	http://data.mimotext.uni-trier.de/entity/Q2823	classe sociale	sozialen Aufstieg	Vielfach wird in der Tradition des spanischen Picaro-Romans (Schelmenromans) die turbulente Geschichte vom hindernisreichen sozialen Aufstieg und dem schmerzhaften, aber erfolgreichen Lernen eines gewitzten Protagonisten erzählt, häufig in einem historischen Kontext und ebenso häufig mit stark erotischen Akzenten, die den frei-zügig-libertinen Roman vorbereiten. Prototypen sind Alain-Rene Lesage, Histoire de Gil Blas de Santillane (1715-1735), Pierre Carlet de Marivaux, Le paysan par-venu (1734/1735) und dessen Gegenstück, Nicolas Edme Retif de La Bretonnes Le paysan perverti (1775).			
https://data.mimotext.uni-trier.de/entity/Q1918	Le paysan perverti	http://zora.uni-trier.de:11000/entity/P25	http://data.mimotext.uni-trier.de/entity/Q2823	classe sociale	sozialen Aufstieg	Vielfach wird in der Tradition des spanischen Picaro-Romans (Schelmenromans) die turbulente Geschichte vom hindernisreichen sozialen Aufstieg und dem schmerzhaften, aber erfolgreichen Lernen eines gewitzten Protagonisten erzählt, häufig in einem historischen Kontext und ebenso häufig mit stark erotischen Akzenten, die den frei-zügig-libertinen Roman vorbereiten. Prototypen sind Alain-Rene Lesage, Histoire de Gil Blas de Santillane (1715-1735), Pierre Carlet de Marivaux, Le paysan par-venu (1734/1735) und dessen Gegenstück, Nicolas Edme Retif de La Bretonnes Le paysan perverti (1775).			
https://data.mimotext.uni-trier.de/entity/Q850	Nicolas Edme Retif de La Bretonnes	http://zora.uni-trier.de:11000/entity/P22	http://data.mimotext.uni-trier.de/entity/Q2933	histoire	historischen Kontext	Vielfach wird in der Tradition des spanischen Picaro-Romans (Schelmenromans) die turbulente Geschichte vom hindernisreichen sozialen Aufstieg und dem schmerzhaften, aber erfolgreichen Lernen eines gewitzten Protagonisten erzählt, häufig in einem historischen Kontext und ebenso häufig mit stark erotischen Akzenten, die den frei-zügig-libertinen Roman vorbereiten. Prototypen sind Alain-Rene Lesage, Histoire de Gil Blas de Santillane (1715-1735), Pierre Carlet de Marivaux, Le paysan par-venu (1734/1735) und dessen Gegenstück, Nicolas Edme Retif de La Bretonnes Le paysan perverti (1775).			
https://data.mimotext.uni-trier.de/entity/Q1918	Le paysan perverti	http://zora.uni-trier.de:11000/entity/P25	http://data.mimotext.uni-trier.de/entity/Q2933	histoire	historischen Kontext	Vielfach wird in der Tradition des spanischen Picaro-Romans (Schelmenromans) die turbulente Geschichte vom hindernisreichen sozialen Aufstieg und dem schmerzhaften, aber erfolgreichen Lernen eines gewitzten Protagonisten erzählt, häufig in einem historischen Kontext und ebenso häufig mit stark erotischen Akzenten, die den frei-zügig-libertinen Roman vorbereiten. Prototypen sind Alain-Rene Lesage, Histoire de Gil Blas de Santillane (1715-1735), Pierre Carlet de Marivaux, Le paysan par-venu (1734/1735) und dessen Gegenstück, Nicolas Edme Retif de La Bretonnes Le paysan perverti (1775).			
https://data.mimotext.uni-trier.de/entity/Q850	Nicolas Edme Retif de La Bretonnes	http://zora.uni-trier.de:11000/entity/P22	http://data.mimotext.uni-trier.de/entity/Q2895	érotisme	erotischen Akzenten	Vielfach wird in der Tradition des spanischen Picaro-Romans (Schelmenromans) die turbulente Geschichte vom hindernisreichen sozialen Aufstieg und dem schmerzhaften, aber erfolgreichen Lernen eines gewitzten Protagonisten erzählt, häufig in einem historischen Kontext und ebenso häufig mit stark erotischen Akzenten, die den frei-zügig-libertinen Roman vorbereiten. Prototypen sind Alain-Rene Lesage, Histoire de Gil Blas de Santillane (1715-1735), Pierre Carlet de Marivaux, Le paysan par-venu (1734/1735) und dessen Gegenstück, Nicolas Edme Retif de La Bretonnes Le paysan perverti (1775).			
https://data.mimotext.uni-trier.de/entity/Q1918	Le paysan perverti	http://zora.uni-trier.de:11000/entity/P25	http://data.mimotext.uni-trier.de/entity/Q2895	érotisme	erotischen Akzenten	Vielfach wird in der Tradition des spanischen Picaro-Romans (Schelmenromans) die turbulente Geschichte vom hindernisreichen sozialen Aufstieg und dem schmerzhaften, aber erfolgreichen Lernen eines gewitzten Protagonisten erzählt, häufig in einem historischen Kontext und ebenso häufig mit stark erotischen Akzenten, die den frei-zügig-libertinen Roman vorbereiten. Prototypen sind Alain-Rene Lesage, Histoire de Gil Blas de Santillane (1715-1735), Pierre Carlet de Marivaux, Le paysan par-venu (1734/1735) und dessen Gegenstück, Nicolas Edme Retif de La Bretonnes Le paysan perverti (1775).			
https://data.mimotext.uni-trier.de/entity/Q850	Nicolas Edme Retif de La Bretonnes	http://zora.uni-trier.de:11000/entity/P22	http://data.mimotext.uni-trier.de/entity/Q2969	libertinage	frei-zügig-libertinen Roman	Vielfach wird in der Tradition des spanischen Picaro-Romans (Schelmenromans) die turbulente Geschichte vom hindernisreichen sozialen Aufstieg und dem schmerzhaften, aber erfolgreichen Lernen eines gewitzten Protagonisten erzählt, häufig in einem historischen Kontext und ebenso häufig mit stark erotischen Akzenten, die den frei-zügig-libertinen Roman vorbereiten. Prototypen sind Alain-Rene Lesage, Histoire de Gil Blas de Santillane (1715-1735), Pierre Carlet de Marivaux, Le paysan par-venu (1734/1735) und dessen Gegenstück, Nicolas Edme Retif de La Bretonnes Le paysan perverti (1775).			
https://data.mimotext.uni-trier.de/entity/Q1918	Le paysan perverti	http://zora.uni-trier.de:11000/entity/P25	http://data.mimotext.uni-trier.de/entity/Q2969	libertinage	frei-zügig-libertinen Roman	Vielfach wird in der Tradition des spanischen Picaro-Romans (Schelmenromans) die turbulente Geschichte vom hindernisreichen sozialen Aufstieg und dem schmerzhaften, aber erfolgreichen Lernen eines gewitzten Protagonisten erzählt, häufig in einem historischen Kontext und ebenso häufig mit stark erotischen Akzenten, die den frei-zügig-libertinen Roman vorbereiten. Prototypen sind Alain-Rene Lesage, Histoire de Gil Blas de Santillane (1715-1735), Pierre Carlet de Marivaux, Le paysan par-venu (1734/1735) und dessen Gegenstück, Nicolas Edme Retif de La Bretonnes Le paysan perverti (1775).			
https://data.mimotext.uni-trier.de/entity/Q850	Retifs	http://zora.uni-trier.de:11000/entity/P22	http://data.mimotext.uni-trier.de/entity/Q3419	ville	Stadt	In Retifs Sittengeschichte spielt, wie später auch bei Balzac, der Gegensatz von Stadt und Land eine große Rolle.			
https://data.mimotext.uni-trier.de/entity/Q850	Retifs	http://zora.uni-trier.de:11000/entity/P22	http://data.mimotext.uni-trier.de/entity/Q3142	paysage	Land	In Retifs Sittengeschichte spielt, wie später auch bei Balzac, der Gegensatz von Stadt und Land eine große Rolle.			
https://data.mimotext.uni-trier.de/entity/Q842	Rousseaus	http://zora.uni-trier.de:11000/entity/P22	http://data.mimotext.uni-trier.de/entity/Q3087	sentimentalisme	empfindsamen Briefromans	In Frankreich markiert Rousseaus Julie ou La nou-velle Heloise (1761) den Höhepunkt der Gattung des empfindsamen Briefromans.			
https://data.mimotext.uni-trier.de/entity/Q808	Rabelais	http://zora.uni-trier.de:11000/entity/P22	http://data.mimotext.uni-trier.de/entity/Q2969	libertinage	Freizügigkeit	Im >roman libertin<, dessen Freizügigkeit sich u.a. Rabelais, dem >roman comique< und dem frühaufkläre-risch-pikaresken Roman verdankt, wird das psychologische Erzählen erotisch aufgeladen.			
https://data.mimotext.uni-trier.de/entity/Q306	Denis Diderot	http://zora.uni-trier.de:11000/entity/P22	http://data.mimotext.uni-trier.de/entity/Q2895	érotisme	pornographische Literatur	Dies gilt umso mehr für die pornographische Literatur der Epoche, die die wirkungsästhetische Poetik des Sensualismus umstandslos umsetzt und sich teilweise auch mit politisch-subversiven Inhalten verbindet, z. B. in Therese phi-losophe (1748, dem Marquis d'Argens zugeschrieben), Le sopha. In der zweiten Jahrhunderthälfte etabliert sich erfolgreich der Schauerroman (>gothic novel<, >roman noir<), der seine Blüte während der Revolution und bei Sade erlebt und in die Schwarze Romantik des 19.			
https://data.mimotext.uni-trier.de/entity/Q306	Denis Diderot	http://zora.uni-trier.de:11000/entity/P22	http://data.mimotext.uni-trier.de/entity/Q3048	politique	politisch-subversiven Inhalten	Dies gilt umso mehr für die pornographische Literatur der Epoche, die die wirkungsästhetische Poetik des Sensualismus umstandslos umsetzt und sich teilweise auch mit politisch-subversiven Inhalten verbindet, z. B. in Therese phi-losophe (1748, dem Marquis d'Argens zugeschrieben), Le sopha. In der zweiten Jahrhunderthälfte etabliert sich erfolgreich der Schauerroman (>gothic novel<, >roman noir<), der seine Blüte während der Revolution und bei Sade erlebt und in die Schwarze Romantik des 19.			
https://data.mimotext.uni-trier.de/entity/Q708	Montesquieu	http://zora.uni-trier.de:11000/entity/P22	http://data.mimotext.uni-trier.de/entity/Q2804	bonheur	Glück	Montesquieu lässt in Lettres persanes seinen Protagonisten Usbek auf die Frage nach dem Verhältnis von Glück und Tugend eine Geschichte erzählen, die er mit den Worten einleitet: »[...] je n'ai pas cru devoir employer des raisonnements fort abstraits: il y a certaines verites qu'il ne suffit pas de persuader, mais qu'il faut encore faire sentir.			
https://data.mimotext.uni-trier.de/entity/Q708	Montesquieu	http://zora.uni-trier.de:11000/entity/P22	http://data.mimotext.uni-trier.de/entity/Q3120	vertu	Tugend	Montesquieu lässt in Lettres persanes seinen Protagonisten Usbek auf die Frage nach dem Verhältnis von Glück und Tugend eine Geschichte erzählen, die er mit den Worten einleitet: »[...] je n'ai pas cru devoir employer des raisonnements fort abstraits: il y a certaines verites qu'il ne suffit pas de persuader, mais qu'il faut encore faire sentir.			
https://data.mimotext.uni-trier.de/entity/Q855	Marquis de Sade	http://zora.uni-trier.de:11000/entity/P22	http://data.mimotext.uni-trier.de/entity/Q2998	morale	Moral	In diesen Kontext gehören vor allem dialogische Erzähltexte des ethischen Plu-ralisten Diderot, insbesondere Le neveu de Rameau , aber auch die in Jacques le fa-taliste eingebetteten, ethisch oft in einen unauflösbaren Widerspruch mündenden Erzählungen, die >contes moraux< und ihr Pendant, die >contes immoraux<, und vor allem das Werk des Marquis de Sade, eine gewaltige und gewalttätige Verkehrung aufklärerischer Moral, die die literarischen Neuerungen der Aufklärung subversiv instrumentalisiert.			
https://data.mimotext.uni-trier.de/entity/Q306	Diderot	http://zora.uni-trier.de:11000/entity/P22	http://data.mimotext.uni-trier.de/entity/Q2998	morale	Moral	In diesen Kontext gehören vor allem dialogische Erzähltexte des ethischen Plu-ralisten Diderot, insbesondere Le neveu de Rameau , aber auch die in Jacques le fa-taliste eingebetteten, ethisch oft in einen unauflösbaren Widerspruch mündenden Erzählungen, die >contes moraux< und ihr Pendant, die >contes immoraux<, und vor allem das Werk des Marquis de Sade, eine gewaltige und gewalttätige Verkehrung aufklärerischer Moral, die die literarischen Neuerungen der Aufklärung subversiv instrumentalisiert.			
http://zora.uni-trier.de:11000/entity/Q1070	Jacques le fa-taliste	http://zora.uni-trier.de:11000/entity/P25	http://data.mimotext.uni-trier.de/entity/Q2998	morale	Moral	In diesen Kontext gehören vor allem dialogische Erzähltexte des ethischen Plu-ralisten Diderot, insbesondere Le neveu de Rameau , aber auch die in Jacques le fa-taliste eingebetteten, ethisch oft in einen unauflösbaren Widerspruch mündenden Erzählungen, die >contes moraux< und ihr Pendant, die >contes immoraux<, und vor allem das Werk des Marquis de Sade, eine gewaltige und gewalttätige Verkehrung aufklärerischer Moral, die die literarischen Neuerungen der Aufklärung subversiv instrumentalisiert.			
https://data.mimotext.uni-trier.de/entity/Q855	Marquis de Sade	http://zora.uni-trier.de:11000/entity/P22	http://data.mimotext.uni-trier.de/entity/Q2972	Lumières	Aufklärung	In diesen Kontext gehören vor allem dialogische Erzähltexte des ethischen Plu-ralisten Diderot, insbesondere Le neveu de Rameau , aber auch die in Jacques le fa-taliste eingebetteten, ethisch oft in einen unauflösbaren Widerspruch mündenden Erzählungen, die >contes moraux< und ihr Pendant, die >contes immoraux<, und vor allem das Werk des Marquis de Sade, eine gewaltige und gewalttätige Verkehrung aufklärerischer Moral, die die literarischen Neuerungen der Aufklärung subversiv instrumentalisiert.			
https://data.mimotext.uni-trier.de/entity/Q842	Rousseaus	http://zora.uni-trier.de:11000/entity/P22	http://data.mimotext.uni-trier.de/entity/Q2791	autobiographie	autobiographischen Tradition	In der autobiographischen Tradition im engeren Sinne stehen Rousseaus die weitere Gattungstradition (Alfieri, Goethe) dominierende Confessions (postum 1782/1788).			
http://zora.uni-trier.de:11000/entity/Q1039	Galatee	http://zora.uni-trier.de:11000/entity/P25	http://data.mimotext.uni-trier.de/entity/Q3045	poésie	Bukolik	So veröffentlicht etwa Jean-Pierre Claris de Florian 1783 einen Pastoralroman, Galatee - im Anschluss an Cervantes und auch Bernardin de SaintPierre greift mit Paul et Virginie (1788), einer »espece de pastorale«, bukolische Motive auf. Zugleich aber gerät der geschlossene frühneuzeitliche ästhetische Code der Bukolik im Verlaufe des 18.			
https://data.mimotext.uni-trier.de/entity/Q842	Rousseaus	http://zora.uni-trier.de:11000/entity/P22	http://data.mimotext.uni-trier.de/entity/Q3045	poésie	Bukolik	In Rousseaus Julie ou La nouvelle Heloise (1761) zeigt sich deutlich, wie Bukolik und Utopie einander überlagern.			
https://data.mimotext.uni-trier.de/entity/Q842	Rousseaus	http://zora.uni-trier.de:11000/entity/P22	http://data.mimotext.uni-trier.de/entity/Q3115	utopie	Utopie	In Rousseaus Julie ou La nouvelle Heloise (1761) zeigt sich deutlich, wie Bukolik und Utopie einander überlagern.			
https://data.mimotext.uni-trier.de/entity/Q306	Diderots	http://zora.uni-trier.de:11000/entity/P22	http://data.mimotext.uni-trier.de/entity/Q2835	conte	Erzählens	Die Selbstthematisierung des Erzählens ist auch in der kürzeren Erzählliteratur dokumentiert wie etwa in Diderots >conte< mit dem paradoxen Titel Ceci n’estpas un conte (1773).			
https://data.mimotext.uni-trier.de/entity/Q850	Retif de La Bretonne	http://zora.uni-trier.de:11000/entity/P22	http://data.mimotext.uni-trier.de/entity/Q3062	réalité	Realismus	Der Realismus des Erzählers und Novellisten Retif de La Bretonne nimmt in mancher Hinsicht die soziologisch orientierte Narrativik des 19.			
https://data.mimotext.uni-trier.de/entity/Q685	Merciers	http://zora.uni-trier.de:11000/entity/P22	http://data.mimotext.uni-trier.de/entity/Q3062	réalité	Realismus	Der Realismus des Erzählers und Novellisten Retif de La Bretonne nimmt in mancher Hinsicht die soziologisch orientierte Narrativik des 19. Jh.s vorweg, Merciers Tableau de Paris (1781-1788; Fortsetzung 1799/1800), ergänzt durch Retif de La Bretonnes Les nuits de Paris ou Le spectateur nocturne (ab 1788), ist ein Vorläufer der Paris-Literatur, die im 19.			
https://data.mimotext.uni-trier.de/entity/Q685	Merciers	http://zora.uni-trier.de:11000/entity/P22	http://data.mimotext.uni-trier.de/entity/Q3521	Paris	Paris-Literatur	Jh.s vorweg, Merciers Tableau de Paris (1781-1788; Fortsetzung 1799/1800), ergänzt durch Retif de La Bretonnes Les nuits de Paris ou Le spectateur nocturne (ab 1788), ist ein Vorläufer der Paris-Literatur, die im 19.			
http://zora.uni-trier.de:11000/entity/Q2254	Les nuits de Paris ou Le spectateur nocturne	http://zora.uni-trier.de:11000/entity/P25	http://data.mimotext.uni-trier.de/entity/Q3521	Paris	Paris-Literatur	Jh.s vorweg, Merciers Tableau de Paris (1781-1788; Fortsetzung 1799/1800), ergänzt durch Retif de La Bretonnes Les nuits de Paris ou Le spectateur nocturne (ab 1788), ist ein Vorläufer der Paris-Literatur, die im 19.			
https://data.mimotext.uni-trier.de/entity/Q850	Retif de La Bretonnes	http://zora.uni-trier.de:11000/entity/P22	http://data.mimotext.uni-trier.de/entity/Q3521	Paris	Paris-Literatur	Jh.s vorweg, Merciers Tableau de Paris (1781-1788; Fortsetzung 1799/1800), ergänzt durch Retif de La Bretonnes Les nuits de Paris ou Le spectateur nocturne (ab 1788), ist ein Vorläufer der Paris-Literatur, die im 19.			
https://data.mimotext.uni-trier.de/entity/Q306	Diderots	http://zora.uni-trier.de:11000/entity/P22	http://data.mimotext.uni-trier.de/entity/Q2947	inceste	Inzesttabu	Ein Musterbeispiel bietet Diderots Supplement au voyage de Bougainville (1772, erschienen 1796), wo u. a. das europäische Inzesttabu dialogisch relativiert wird.			
https://data.mimotext.uni-trier.de/entity/Q855	Sade	http://zora.uni-trier.de:11000/entity/P22	http://data.mimotext.uni-trier.de/entity/Q2947	inceste	Inzest	Dass Sade am Jahrhundertende den Inzest feiert, wird als Tabubruch in der Erzähl- und Reiseliteratur des Jahrhunderts (Prevost, Histoire generale des voyages, ab 1747) gründlich vorbereitet.			
https://data.mimotext.uni-trier.de/entity/Q981	Voltaire	http://zora.uni-trier.de:11000/entity/P22	http://data.mimotext.uni-trier.de/entity/Q3115	utopie	Utopie	Dies gilt auch für unterschiedliche Formen des Historischen (besonders Mittelalter und Renaissance), Fantastischen (Reise auf den Mond, Eldorado, hybride Wesen zwischen Mensch und Tier, Monster), der Utopie (Marivaux, Voltaire, Morelly, Bernardin de Saint-Pierre, Sade) und der Uchronie (Louis-Sebastien Mercier, L'an 2440, reve s'il en fut jamais, 1770/1785/1786).			
https://data.mimotext.uni-trier.de/entity/Q718	Morelly	http://zora.uni-trier.de:11000/entity/P22	http://data.mimotext.uni-trier.de/entity/Q3115	utopie	Utopie	Dies gilt auch für unterschiedliche Formen des Historischen (besonders Mittelalter und Renaissance), Fantastischen (Reise auf den Mond, Eldorado, hybride Wesen zwischen Mensch und Tier, Monster), der Utopie (Marivaux, Voltaire, Morelly, Bernardin de Saint-Pierre, Sade) und der Uchronie (Louis-Sebastien Mercier, L'an 2440, reve s'il en fut jamais, 1770/1785/1786).			
https://data.mimotext.uni-trier.de/entity/Q855	Sade	http://zora.uni-trier.de:11000/entity/P22	http://data.mimotext.uni-trier.de/entity/Q3115	utopie	Utopie	Dies gilt auch für unterschiedliche Formen des Historischen (besonders Mittelalter und Renaissance), Fantastischen (Reise auf den Mond, Eldorado, hybride Wesen zwischen Mensch und Tier, Monster), der Utopie (Marivaux, Voltaire, Morelly, Bernardin de Saint-Pierre, Sade) und der Uchronie (Louis-Sebastien Mercier, L'an 2440, reve s'il en fut jamais, 1770/1785/1786).			
https://data.mimotext.uni-trier.de/entity/Q685	Louis-Sebastien Mercier	http://zora.uni-trier.de:11000/entity/P22	http://data.mimotext.uni-trier.de/entity/Q2933	histoire	Uchronie	Dies gilt auch für unterschiedliche Formen des Historischen (besonders Mittelalter und Renaissance), Fantastischen (Reise auf den Mond, Eldorado, hybride Wesen zwischen Mensch und Tier, Monster), der Utopie (Marivaux, Voltaire, Morelly, Bernardin de Saint-Pierre, Sade) und der Uchronie (Louis-Sebastien Mercier, L'an 2440, reve s'il en fut jamais, 1770/1785/1786).			
https://data.mimotext.uni-trier.de/entity/Q661	Marmontel	http://zora.uni-trier.de:11000/entity/P22	http://data.mimotext.uni-trier.de/entity/Q2998	morale	conte moral	Die kürzeren Erzählformen eignen sich wie der Roman für moralische (wie im >conte moral< von Marmontel oder Mercier) und immoralistische literarische Ex-perimente< und eine ethische Kasuistik, d. h. eine Sittenlehre, die für Einzelfälle des praktischen Lebens das rechte Verhalten bestimmt.			
https://data.mimotext.uni-trier.de/entity/Q685	Mercier	http://zora.uni-trier.de:11000/entity/P22	http://data.mimotext.uni-trier.de/entity/Q2998	morale	conte moral	Die kürzeren Erzählformen eignen sich wie der Roman für moralische (wie im >conte moral< von Marmontel oder Mercier) und immoralistische literarische Ex-perimente< und eine ethische Kasuistik, d. h. eine Sittenlehre, die für Einzelfälle des praktischen Lebens das rechte Verhalten bestimmt.			
https://data.mimotext.uni-trier.de/entity/Q1022	Candide	http://zora.uni-trier.de:11000/entity/P25	http://data.mimotext.uni-trier.de/entity/Q3015	optimisme	Optimismus	In Voltaires Candide wird Leibniz' metaphysischer Optimismus in der Figur des Pangloss karikiert, dessen Gegenspieler Martin Züge Bayles trägt.			
https://data.mimotext.uni-trier.de/entity/Q798	Prevost	http://zora.uni-trier.de:11000/entity/P22	http://data.mimotext.uni-trier.de/entity/Q3097	suicide	Selbstmord	Das Thema Selbstmord (1734 prägt der Abbe Prevost den Begriff >suicide<) zählt zu den Kernthemen der Aufklärungsphilosophie und der Literatur der Epoche (Goethe, Die Leiden des jungen Werthers, 1774).			
https://data.mimotext.uni-trier.de/entity/Q1022	Candide	http://zora.uni-trier.de:11000/entity/P25	http://data.mimotext.uni-trier.de/entity/Q2776	amour	Liebesroman	Candide verzichtet in charakteristischer Weise auf psychologische Vertiefung. Unterschiedliche Erzähltraditionen greifen ineinander: der hellenistische Liebesroman mit den Momenten der Trennung und der Wiedervereinigung der Liebenden am Ende, der variationsreiche Abenteuerroman, der Barockroman mit seinen Täuschungen, Verkennungen und Katastrophen sowie der episodenreiche Schelmenroman, der in der ersten Jahrhunderthälfte stilprägend ist und den schmerzvollen Erwerb von Lebenserfahrung schildert.			
https://data.mimotext.uni-trier.de/entity/Q1022	Candide	http://zora.uni-trier.de:11000/entity/P25	http://data.mimotext.uni-trier.de/entity/Q2793	aventure	Abenteuerroman	Candide verzichtet in charakteristischer Weise auf psychologische Vertiefung. Unterschiedliche Erzähltraditionen greifen ineinander: der hellenistische Liebesroman mit den Momenten der Trennung und der Wiedervereinigung der Liebenden am Ende, der variationsreiche Abenteuerroman, der Barockroman mit seinen Täuschungen, Verkennungen und Katastrophen sowie der episodenreiche Schelmenroman, der in der ersten Jahrhunderthälfte stilprägend ist und den schmerzvollen Erwerb von Lebenserfahrung schildert.			
https://data.mimotext.uni-trier.de/entity/Q1022	Candide	http://zora.uni-trier.de:11000/entity/P25	http://data.mimotext.uni-trier.de/entity/Q2812	catastrophe	Katastrophen	Candide verzichtet in charakteristischer Weise auf psychologische Vertiefung. Unterschiedliche Erzähltraditionen greifen ineinander: der hellenistische Liebesroman mit den Momenten der Trennung und der Wiedervereinigung der Liebenden am Ende, der variationsreiche Abenteuerroman, der Barockroman mit seinen Täuschungen, Verkennungen und Katastrophen sowie der episodenreiche Schelmenroman, der in der ersten Jahrhunderthälfte stilprägend ist und den schmerzvollen Erwerb von Lebenserfahrung schildert.			
https://data.mimotext.uni-trier.de/entity/Q1022	Candide	http://zora.uni-trier.de:11000/entity/P25	http://data.mimotext.uni-trier.de/entity/Q2903	être humain	Lebenserfahrung	Candide verzichtet in charakteristischer Weise auf psychologische Vertiefung. Unterschiedliche Erzähltraditionen greifen ineinander: der hellenistische Liebesroman mit den Momenten der Trennung und der Wiedervereinigung der Liebenden am Ende, der variationsreiche Abenteuerroman, der Barockroman mit seinen Täuschungen, Verkennungen und Katastrophen sowie der episodenreiche Schelmenroman, der in der ersten Jahrhunderthälfte stilprägend ist und den schmerzvollen Erwerb von Lebenserfahrung schildert.			
https://data.mimotext.uni-trier.de/entity/Q1022	Candide	http://zora.uni-trier.de:11000/entity/P25	http://data.mimotext.uni-trier.de/entity/Q3039	philosophie	philosophische Theorie	Ein >conte philosophique< ist Candide deswegen, weil eine philosophische Theorie gewissermaßen im Erzählen erprobt wird.			
https://data.mimotext.uni-trier.de/entity/Q798	Antoine-Francois Prevost	http://zora.uni-trier.de:11000/entity/P22	http://data.mimotext.uni-trier.de/entity/Q2911	femme fatale	femme fatale	Zudem gibt es Fälle, in denen die Frau Opfer und Täterin, femme fatale ist (Antoine-Francois Prevost d'Exiles, Histoire du Chevalier des Grieux et de Manon Lescaut, 1731/1753).			
https://data.mimotext.uni-trier.de/entity/Q217	Cazotte	http://zora.uni-trier.de:11000/entity/P22	http://data.mimotext.uni-trier.de/entity/Q2944	imagination	Fantastik	Auch zeigen sich Ansätze einer literarischen Fantastik (Lesage, Cazotte).			
https://data.mimotext.uni-trier.de/entity/Q1429	La nou-velle Heloise	http://zora.uni-trier.de:11000/entity/P25	http://data.mimotext.uni-trier.de/entity/Q3087	sentimentalisme	empfindsamen Briefromans	In Frankreich markiert Rousseaus Julie ou La nou-velle Heloise (1761) den Höhepunkt der Gattung des empfindsamen Briefromans.			
https://data.mimotext.uni-trier.de/entity/Q1053	Les liaisons dangereuses	http://zora.uni-trier.de:11000/entity/P25	http://data.mimotext.uni-trier.de/entity/Q3087	sentimentalisme	Empfindsamkeit	Den Höhepunkt des Empfindsamkeit und Libertinismus kreuzenden Briefromans und einen der Schlüsseltexte des literarischen Immoralismus bildet Les liaisons dangereuses, ein Text, in dem der gattungstypische Perspektivismus mit großer Raffinesse eingesetzt wird.			
https://data.mimotext.uni-trier.de/entity/Q1053	Les liaisons dangereuses	http://zora.uni-trier.de:11000/entity/P25	http://data.mimotext.uni-trier.de/entity/Q2969	libertinage	Libertinismus	Den Höhepunkt des Empfindsamkeit und Libertinismus kreuzenden Briefromans und einen der Schlüsseltexte des literarischen Immoralismus bildet Les liaisons dangereuses, ein Text, in dem der gattungstypische Perspektivismus mit großer Raffinesse eingesetzt wird.			
https://data.mimotext.uni-trier.de/entity/Q65	Marquis d'Argens	http://zora.uni-trier.de:11000/entity/P22	http://data.mimotext.uni-trier.de/entity/Q2895	érotisme	pornographische Literatur	Dies gilt umso mehr für die pornographische Literatur der Epoche, die die wirkungsästhetische Poetik des Sensualismus umstandslos umsetzt und sich teilweise auch mit politisch-subversiven Inhalten verbindet, z. B. in Therese phi-losophe (1748, dem Marquis d'Argens zugeschrieben), Le sopha. In der zweiten Jahrhunderthälfte etabliert sich erfolgreich der Schauerroman (>gothic novel<, >roman noir<), der seine Blüte während der Revolution und bei Sade erlebt und in die Schwarze Romantik des 19.			
https://data.mimotext.uni-trier.de/entity/Q269	Crebillon fils	http://zora.uni-trier.de:11000/entity/P22	http://data.mimotext.uni-trier.de/entity/Q2895	érotisme	pornographische Literatur	Dies gilt umso mehr für die pornographische Literatur der Epoche, die die wirkungsästhetische Poetik des Sensualismus umstandslos umsetzt und sich teilweise auch mit politisch-subversiven Inhalten verbindet, z. B. in Therese phi-losophe (1748, dem Marquis d'Argens zugeschrieben), Le sopha. In der zweiten Jahrhunderthälfte etabliert sich erfolgreich der Schauerroman (>gothic novel<, >roman noir<), der seine Blüte während der Revolution und bei Sade erlebt und in die Schwarze Romantik des 19.			
https://data.mimotext.uni-trier.de/entity/Q1069	Le rideau leve ou L'education de Laure	http://zora.uni-trier.de:11000/entity/P25	http://data.mimotext.uni-trier.de/entity/Q2895	érotisme	pornographische Literatur	Dies gilt umso mehr für die pornographische Literatur der Epoche, die die wirkungsästhetische Poetik des Sensualismus umstandslos umsetzt und sich teilweise auch mit politisch-subversiven Inhalten verbindet, z. B. in Therese phi-losophe (1748, dem Marquis d'Argens zugeschrieben), Le sopha. In der zweiten Jahrhunderthälfte etabliert sich erfolgreich der Schauerroman (>gothic novel<, >roman noir<), der seine Blüte während der Revolution und bei Sade erlebt und in die Schwarze Romantik des 19.			
https://data.mimotext.uni-trier.de/entity/Q694	Mirabeau fils	http://zora.uni-trier.de:11000/entity/P22	http://data.mimotext.uni-trier.de/entity/Q2895	érotisme	pornographische Literatur	Dies gilt umso mehr für die pornographische Literatur der Epoche, die die wirkungsästhetische Poetik des Sensualismus umstandslos umsetzt und sich teilweise auch mit politisch-subversiven Inhalten verbindet, z. B. in Therese phi-losophe (1748, dem Marquis d'Argens zugeschrieben), Le sopha. In der zweiten Jahrhunderthälfte etabliert sich erfolgreich der Schauerroman (>gothic novel<, >roman noir<), der seine Blüte während der Revolution und bei Sade erlebt und in die Schwarze Romantik des 19.			
https://data.mimotext.uni-trier.de/entity/Q65	Marquis d'Argens	http://zora.uni-trier.de:11000/entity/P22	http://data.mimotext.uni-trier.de/entity/Q3048	politique	politisch-subversiven Inhalten	Dies gilt umso mehr für die pornographische Literatur der Epoche, die die wirkungsästhetische Poetik des Sensualismus umstandslos umsetzt und sich teilweise auch mit politisch-subversiven Inhalten verbindet, z. B. in Therese phi-losophe (1748, dem Marquis d'Argens zugeschrieben), Le sopha.			
https://data.mimotext.uni-trier.de/entity/Q1069	Le rideau leve ou L'education de Laure	http://zora.uni-trier.de:11000/entity/P25	http://data.mimotext.uni-trier.de/entity/Q3048	politique	politisch-subversiven Inhalten	Dies gilt umso mehr für die pornographische Literatur der Epoche, die die wirkungsästhetische Poetik des Sensualismus umstandslos umsetzt und sich teilweise auch mit politisch-subversiven Inhalten verbindet, z. B. in Therese phi-losophe (1748, dem Marquis d'Argens zugeschrieben), Le sopha.			
https://data.mimotext.uni-trier.de/entity/Q694	Mirabeau fils	http://zora.uni-trier.de:11000/entity/P22	http://data.mimotext.uni-trier.de/entity/Q3048	politique	politisch-subversiven Inhalten	Dies gilt umso mehr für die pornographische Literatur der Epoche, die die wirkungsästhetische Poetik des Sensualismus umstandslos umsetzt und sich teilweise auch mit politisch-subversiven Inhalten verbindet, z. B. in Therese phi-losophe (1748, dem Marquis d'Argens zugeschrieben), Le sopha. In der zweiten Jahrhunderthälfte etabliert sich erfolgreich der Schauerroman (>gothic novel<, >roman noir<), der seine Blüte während der Revolution und bei Sade erlebt und in die Schwarze Romantik des 19.			
https://data.mimotext.uni-trier.de/entity/Q365	Jean-Pierre Claris de Florian	http://zora.uni-trier.de:11000/entity/P22	http://data.mimotext.uni-trier.de/entity/Q3045	poésie	Bukolik	So veröffentlicht etwa Jean-Pierre Claris de Florian 1783 einen Pastoralroman, Galatee - im Anschluss an Cervantes und auch Bernardin de SaintPierre greift mit Paul et Virginie (1788), einer »espece de pastorale«, bukolische Motive auf. Zugleich aber gerät der geschlossene frühneuzeitliche ästhetische Code der Bukolik im Verlaufe des 18.			
https://data.mimotext.uni-trier.de/entity/Q866	Bernardin de SaintPierre	http://zora.uni-trier.de:11000/entity/P22	http://data.mimotext.uni-trier.de/entity/Q3045	poésie	Bukolik	So veröffentlicht etwa Jean-Pierre Claris de Florian 1783 einen Pastoralroman, Galatee - im Anschluss an Cervantes und auch Bernardin de SaintPierre greift mit Paul et Virginie (1788), einer »espece de pastorale«, bukolische Motive auf. Zugleich aber gerät der geschlossene frühneuzeitliche ästhetische Code der Bukolik im Verlaufe des 18.			
https://data.mimotext.uni-trier.de/entity/Q1429	Julie ou La nouvelle Heloise	http://zora.uni-trier.de:11000/entity/P25	http://data.mimotext.uni-trier.de/entity/Q3045	poésie	Bukolik	In Rousseaus Julie ou La nouvelle Heloise (1761) zeigt sich deutlich, wie Bukolik und Utopie einander überlagern.			
https://data.mimotext.uni-trier.de/entity/Q1429	Julie ou La nouvelle Heloise	http://zora.uni-trier.de:11000/entity/P25	http://data.mimotext.uni-trier.de/entity/Q3115	utopie	Utopie	In Rousseaus Julie ou La nouvelle Heloise (1761) zeigt sich deutlich, wie Bukolik und Utopie einander überlagern.			
https://data.mimotext.uni-trier.de/entity/Q314	Claude-Joseph Dorat	http://zora.uni-trier.de:11000/entity/P22	http://data.mimotext.uni-trier.de/entity/Q2906	fable	Fabel	führt die Fabeldichtung La Fontaines innovationsfreudig weiter (Claude-Joseph Dorat, Jean-Jacques Boisard), und auch in der poetologischen Reflexion nimmt die Fabel eine wichtige Stellung ein (vgl. auch Lessing).			
https://data.mimotext.uni-trier.de/entity/Q798	Prevost	http://zora.uni-trier.de:11000/entity/P22	http://data.mimotext.uni-trier.de/entity/Q3126	voyage	Reiseliteratur	Dass Sade am Jahrhundertende den Inzest feiert, wird als Tabubruch in der Erzähl- und Reiseliteratur des Jahrhunderts (Prevost, Histoire generale des voyages, ab 1747) gründlich vorbereitet.			
https://data.mimotext.uni-trier.de/entity/Q866	Bernardin de Saint-Pierre	http://zora.uni-trier.de:11000/entity/P22	http://data.mimotext.uni-trier.de/entity/Q3115	utopie	Utopie	Dies gilt auch für unterschiedliche Formen des Historischen (besonders Mittelalter und Renaissance), Fantastischen (Reise auf den Mond, Eldorado, hybride Wesen zwischen Mensch und Tier, Monster), der Utopie (Marivaux, Voltaire, Morelly, Bernardin de Saint-Pierre, Sade) und der Uchronie (Louis-Sebastien Mercier, L'an 2440, reve s'il en fut jamais, 1770/1785/1786).			 1770/1785/1786).
https://data.mimotext.uni-trier.de/entity/Q1091	Supplement au voyage de Bougainville	http://zora.uni-trier.de:11000/entity/P25	http://data.mimotext.uni-trier.de/entity/Q2947	inceste	Inzesttabu	Ein Musterbeispiel bietet Diderots Supplement au voyage de Bougainville (1772, erschienen 1796), wo u. a. das europäische Inzesttabu dialogisch relativiert wird.			
